ID,Area_SqFt,Bedrooms,Bathrooms,Floors,Year_Built,City,Location,Condition,Garage,Property_Type,Furnished,Corner_Property,Park_Facing,Price_PKR
662,720,1,1,2,"1,996",Karachi,dha phase 5,Fair,0,House,yes,no,,"10,300,000"
669,9159 sqft,3,3,1, 1985 ,N/A, North Nazimabad,Fair, 0 ,House,no,No,, 82700000 
62,3049,4.0,5.0,1,1989,Karachi,scheme 33,Excellent, 1 ,Villa,no,no,No, 20600000 
415,2308.0,5,4,2,2005.0,Karachi,North Nazimabad ,Fair,1,House,yes,,, 28700000 
936,2752 sqft, 5 ,6,3,"1,985",Rawalpindi,Saddar,Poor,N/A,Villa,yes,yes,No,15700000.0
141,"3,692",4, 3 ,1,"2,019",Rawalpindi, Chaklala,Fair ,N/A,House,No,,,31400000
678,2104.0,2,2, 3 ,2020.0,Islamabad,i-8,excellent,0,House,yes,No,No,
670,1915 Sq. Ft.,2.0, 3 , 2 ,"2,015",Faisalabad,Wapda City,Poor,0.0,House,No,no,,9900000
65,696.0,3.0, 3 ,3.0,2018,Islamabad,F-6 ,GOOD,0,House,yes,,yes,23200000.0
738,2764,3,4, 1 , 2011 ,Islamabad, F-8,Fair , 1 ,House,,Yes,,"43,900,000"
230,770.0,4,4.0,1.0,"2,004",Lahore,dha phase 5,Excellent,2,House,YES,No,,16800000
296,592 sq ft,4, 3 ,1.0,2012.0,Faisalabad,madina town,Poor,2,House,No,yes,no, 4500000 
999, 1802 ,4.0,3, 2 ,,Lahore,DHA PHASE 8,New,1,House,No,No,no, 29800000 
438,4748 sqft,6, 7 , 2 ,1998,Rawalpindi,SADDAR,Fair,1.0,House,no,yes,yes,
89,N/A,3,2.0, 2 , 2003 ,Islamabad,GULBERG GREENS,good,3.0,House,Yes,,No,17100000
360,NA, 5 ,5.0,2.0,1994,Islamabad,Bahria Town ,Fair ,0,House,No,yes,no,"34,800,000"
38, 1396 ,2,1, 1 ,2016.0,Karachi,DHA Phase 6 ,Good,0.0,House,no,no,yes, 33200000 
615,1612.0, 6 ,7,3.0,2019,Karachi,Gulshan-e-Iqbal ,good,2,House,,,no,"31,900,000"
425,5658 Sq. Ft.,6,6,2,"1,995",Faisalabad, Gulberg Colony,Needs Renovation,2.0,House,yes,Yes,,13800000
560,5720 sqft,5, 4 , 1 ,1996.0,Islamabad,DHA Phase 2,Poor,2,House,YES,Yes,yes, 42900000 
448,3772 Sq. Ft.,7,7, 1 ,2016,Karachi,GULSHAN-E-IQBAL,Fair ,1.0,House,,yes,,42700000.0
462,"4,260",N/A,,1,1991.0,Islamabad,e-7,Fair ,1,House,YES,Yes,, 61300000 
109, 9505 , 2 ,2.0,2,N/A,Islamabad,DHA PHASE 2,Poor,2.0,House,,,Yes, 77500000 
383,776.0,5,6.0,3,2003.0,Islamabad,i-8,Fair , 1 ,House,No,no,no,15200000.0
929, 2239 , 1 ,2.0,2,"2,018",Karachi,BAHRIA TOWN KARACHI,excellent, 2 ,House,,,no,"31,000,000"
644, 4872 ,4,3,1.0,2009.0,Lahore,DHA Phase 5 ,GOOD,1,House,,,No,
120,"5,529",5,5,3,"2,017",Lahore,dha phase 8,Fair, 0 ,Villa,No,,,77600000
259,9184 sqft,2,3.0,3,"2,016",Lahore,dha phase 7,New,1.0,House,Yes,yes,yes,180800000
339,3578 Sq. Ft.,1,1, 1 ,1991.0,Lahore,Faisal Town,Good,1.0,House,,yes,No,
251,1196 sq ft, 5 ,5,1,2014.0,Islamabad,Bahria Town,GOOD,1,House,YES,,Yes, 23900000 
96,5279 sq ft,3, 4 ,,2016,Islamabad, F-7,New, 1 ,House,yes,,,"141,100,000"
126,5478.0,6.0,7,1.0,2019,,gulistan-e-johar,Poor,2.0,House,yes,,No,49600000.0
197,2090.0, 3 ,2, 2 ,2021,Karachi,gulshan-e-iqbal,GOOD,0,Villa,yes,,Yes,35900000
479,"4,669",3,4.0,2,,Karachi,Malir,Fair,3,House,YES,No,no,"26,200,000"
554, 3388 ,2,2, 2 ,2010,Islamabad,GULBERG GREENS,good,2,House,no,No,yes,"32,900,000"
48,851,4,4, 2 ,2022,Islamabad,B-17,Excellent,1,House,yes,no,no, 15300000 
595,4262.0, 4 , 3 ,1,2015,Karachi,Malir ,New,2,House,Yes,,No,"31,600,000"
440,5072 sqft,6.0,7,2.0,"1,985",Islamabad,DHA PHASE 2,Needs Renovation,2,House,Yes,No,yes,"37,800,000"
409,752,2,2.0, 2 ,1990,Islamabad,gulberg greens,Fair, 1 ,House,YES,No,,7300000
86,6587 sq ft,2.0,2,1,2010.0,Karachi,DHA Phase 8 ,excellent, 2 ,Villa,,yes,no,"153,000,000"
514,4694,3, 2 ,2,2009,Rawalpindi,chaklala,Fair,2,House,No,yes,yes,23700000.0
570,5175.0,4,3,1.0, 1997 ,Lahore,Askari 10 ,Needs Renovation,1,House,Yes,Yes,no, 34300000 
86,6587 sq ft,2.0,2,1,2010.0,Karachi,DHA Phase 8 ,excellent, 2 ,Villa,,yes,no,"153,000,000"
972,2843 Sq. Ft.,4.0, 4 ,2.0,2024,Lahore, Gulberg,New,1.0,House,,,yes, 77500000 
111,802,3,3,1.0,2015.0,Islamabad,F-7,Excellent, 1 ,House,,No,yes,23900000.0
450,"3,100",4, 5 , 3 ,"2,014",Lahore,MODEL TOWN,excellent,0,House,Yes,Yes,yes, 60800000 
446,1145 sq ft,4,4.0,1.0, 2017 ,Karachi, Bahria Town Karachi,Fair,2.0,House,No,,Yes,"14,800,000"
860, 2127 ,7,6,2, 2022 ,Lahore,Faisal Town ,excellent,1.0,House,,no,No,37400000
522,2891 Sq. Ft.,3,3,1.0,"2,009",Islamabad,pwd,New,,House,Yes,yes,Yes,26900000
340,"5,089",5,5,2,1991,Islamabad, G-11,excellent,1,House,YES,No,Yes,"73,700,000"
437,1204,2,2, 1 ,2008.0,Karachi, DHA Phase 5,GOOD,3.0,House,no,No,,"29,700,000"
397,592,5, 4 ,2,"2,006",Lahore,Cantt ,excellent,2.0,House,,Yes,,"21,000,000"
217,5821.0,,6, 2 ,2000.0,Lahore,Cantt ,Good,0,House,No,,no,82600000
471,618 sqft, 4 ,4,2,2005,Lahore,Wapda Town ,excellent,,House,,No,Yes, 10600000 
348,5312 sq ft, 4 ,3, 4 , 1991 ,Lahore,Garden Town ,Good,2,Villa,Yes,no,, 48400000 
830,"2,103", 4 ,4,2,1994.0,Islamabad, F-8,good, 2 ,House,No,yes,,"33,900,000"
238,1781 sqft, 3 ,2.0,1.0,2021.0,Rawalpindi,DHA PHASE 2,good,2.0,House,,,Yes, 24800000 
422,8993,3.0,3.0, 2 ,N/A,Lahore,State Life Housing Society,good,0.0,House,,no,, 66700000 
121,6968 sqft,3,4,2.0,2007,Islamabad, Bahria Town,excellent,1,House,,,Yes,"77,400,000"
847,5693 sq ft,4.0, 4 ,1.0,1988,Lahore,wapda town,Needs Renovation,3,House,no,no,, 31700000 
84,862,5,,2.0,1989,Karachi,GULISTAN-E-JOHAR,Good, 1 ,Villa,,,No, 15300000 
987,6894 Sq. Ft.,2, 3 ,,2016.0,Faisalabad,Canal Road ,Excellent,1,House,no,,no,42000000.0
419,4997, 3 ,2.0,2,1993,Karachi,pechs,Fair,2,Villa,yes,yes,no,40500000.0
673,7098 sqft,4,3.0,3,"2,021",Islamabad,F-8,excellent,0,Villa,No,yes,No,189000000.0
5,1038 Sq. Ft.,5,5,2.0,"2,006",Rawalpindi,BAHRIA TOWN,Good,1,House,no,Yes,,11900000
167,2911,5,4.0,1,2000,Lahore,Raiwind Road,good,2,Villa,No,,Yes,16900000.0
553,"2,914",5.0,5, 1 , 2019 ,Lahore,Raiwind Road,Fair,2,Villa,yes,no,,27300000
364,3275 Sq. Ft., 5 , 5 ,,1991.0,Lahore,Garden Town ,Good, 1 ,House,no,no,,32900000
703,4677 Sq. Ft.,3,3,1,2007.0,Lahore,dha phase 5,Needs Renovation,2,Villa,No,yes,no,58900000.0
937,25000,6,6,2, 2024 ,Islamabad,B-17 ,good,2,Villa,no,no,,100000
685,2668.0, 5 ,5,2.0,1992,Lahore,faisal town,GOOD, 0 ,House,No,no,no,27600000.0
175,3833 sqft,5.0, 5 ,2,"2,021",Karachi,Malir,Good,2,House,Yes,,, 39100000 
306,739 sqft,2,1,1.0,2020.0,Lahore,wapda town,GOOD,1.0,Villa,Yes,no,,13100000
751,7103.0,3.0,4,, 2003 ,Lahore, Garden Town,New, 1 ,House,,yes,no, 81700000 
970,1041 sq ft, 4 , 4 ,2,1996.0,Islamabad, Gulberg Greens,Fair ,2.0,House,YES,,yes,"10,200,000"
130, 700 , 1 , 1 , 2 , 1995 ,Lahore,ASKARI 10,excellent,1,Villa,YES,yes,,8600000
233,1361 Sq. Ft., 4 ,3.0,2.0, 1995 ,Karachi, DHA Phase 6,Good, 1 ,House,yes,No,,30700000.0
226,8465 sq ft, 2 ,2.0, 3 ,"2,004",Islamabad,DHA PHASE 2,GOOD,,Villa,No,Yes,Yes,79800000
370,742 Sq. Ft.,2.0,1,2,2018,Islamabad,g-11,Fair,2,Villa,No,No,,"9,200,000"
164,5662 sqft,4,4, 3 , 2015 ,Karachi,scheme 33,Fair , 1 ,House,no,yes,yes, 48200000 
372,4745.0, 4 ,3.0, 2 , 2012 ,,G-10,Fair,0,Villa,Yes,,no,"57,700,000"
279,1737.0, 6 ,6.0,2,2001.0,Karachi,Bahria Town Karachi,excellent,1.0,Villa,No,No,No,27800000
692,9432,6,5,1, 2024 ,Faisalabad,CANAL ROAD,GOOD,1,Villa,YES,,,"66,700,000"
878,3074 Sq. Ft.,, 4 ,1.0,"2,021",Lahore,JOHAR TOWN,New,2,House,Yes,yes,no,"47,800,000"
639,3442.0,2,3,3.0,1988.0,Karachi,gulshan-e-iqbal,good, 1 ,House,yes,Yes,yes,35400000.0
598,5165,5,4,3,1985.0,Faisalabad,Canal Road,Poor,2.0,House,No,,,"15,900,000"
404,"2,903",3.0,4, 3 ,2020.0,Islamabad,pwd,Fair , 2 ,House,Yes,,No,35400000
839, 1883 ,3,3,1,2004.0,Lahore,DHA Phase 7,good, 3 ,Villa,yes,No,no,22000000.0
190,4822 Sq. Ft.,4.0,4,1,1997.0,Islamabad,G-11,New, 1 ,House,yes,yes,,54500000
564,5674, 5 ,5.0, 2 ,"2,018",Islamabad,B-17,New,1,House,Yes,No,yes,77900000.0
502,9059 Sq. Ft., 2 ,2, 2 ,2013,Islamabad,Bahria Town,Poor,2,House,Yes,,No, 68300000 
327,4783 sq ft,4,3, 3 ,1989,Rawalpindi,saddar,GOOD, 1 ,House,No,,yes, 24300000 
930,4886,4,3,3,"1,998",Faisalabad,Wapda City,Needs Renovation,1.0,Villa,no,Yes,no,"19,100,000"
876,1364,3,3, 2 ,2025,Karachi,DHA Phase 8 ,Fair ,3.0,Villa,YES,No,No,"41,500,000"
969,"2,869",3,4,1.0,"2,020",Islamabad,B-17 ,Needs Renovation,2.0,House,,no,yes,26300000.0
558, 1549 ,5.0,5,1.0,1993.0,Lahore,DHA Phase 8,GOOD,2,House,,,yes,"21,400,000"
529, 5714 ,4.0, 4 , 3 ,1998.0,Lahore,Johar Town,GOOD,2.0,House,No,no,No, 48200000 
387,4610 sq ft, 5 , 4 ,3,1999.0,Karachi,DHA Phase 7 ,Needs Renovation,2.0,Villa,YES,,Yes,38300000.0
777, 2635 , 3 , 4 , 1 ,2009,Faisalabad,GULBERG COLONY,Good,2.0,Villa,,,yes,16100000
456,"1,448",5.0,5.0,1,2016,Karachi,Scheme 33,excellent,1,Villa,yes,No,No, 17200000 
132,1379 Sq. Ft.,5.0,4, 1 ,"1,995",Karachi,GULISTAN-E-JOHAR,Fair , 2 ,Villa,,No,Yes, 16400000 
744, 2510 , 2 ,2.0,3,,Faisalabad,People's Colony,GOOD, 2 ,House,,yes,Yes,19700000
542,1340 sqft,5.0,4,3.0,2005.0,Lahore,dha phase 7,good,,House,no,,No,30200000
843,609 sq ft, 4 , 3 ,2, 1991 ,Lahore,dha phase 6,Excellent,2,Villa,,,yes,14000000
812,"9,537", 4 , 4 ,3,"1,985",Lahore,BAHRIA TOWN,GOOD,1,House,,Yes,yes, 90300000 
775,5173,4,5, 2 , 1985 ,Islamabad, E-7,Fair,1.0,House,,,yes,67600000
914,956,6,6,3, 2017 ,Rawalpindi,Saddar ,Good, 2 ,House,,,Yes, 13500000 
659,2989 sqft,2, 2 , 2 ,2022,Lahore,STATE LIFE HOUSING SOCIETY,Poor,N/A,House,no,Yes,yes,21800000
28,9061 Sq. Ft.,4.0,3, 3 ,"2,005",Islamabad,G-10,Needs Renovation, 1 ,House,No,,, 60400000 
193,"1,409",3.0,,2,"2,018",Karachi,DHA Phase 6,Good,0.0,House,,,Yes,29900000
4,6974 sqft,3,3,1, 2020 ,Islamabad,gulberg greens,Fair , 1 ,Villa,YES,no,yes, 75000000 
525, 969 , 5 , 4 , 2 ,"2,012",Faisalabad, Jinnah Colony,Fair,1,House,yes,yes,Yes,9600000.0
399,2968.0,5, 6 , 2 ,"1,986",Karachi, DHA Phase 8,New, 1 ,House,Yes,yes,,55200000.0
886,2693 sq ft,3, 2 ,2, 2012 ,Lahore,dha phase 8,excellent,1,House,YES,yes,No,47200000.0
210,1318 sqft,N/A,5.0,3,"1,987",Rawalpindi,pwd,Fair,1,House,no,,Yes,8200000
102,1123 Sq. Ft.,5,4,1.0,2012,Lahore, Raiwind Road,New,2,House,,,,15800000
35,4848.0,5, 4 ,1.0,"2,021",Rawalpindi,Chaklala ,excellent,2.0,House,Yes,,no,"56,100,000"
859,4949 sqft,N/A, 2 ,3, 2006 ,Faisalabad,Madina Town,Fair,4.0,House,,,no,27500000.0
127,8323 Sq. Ft.,3,3.0,1,2010,Faisalabad,canal road,Excellent,1,House,No,,Yes,41000000
941,926,5.0, 5 , 2 ,2021,Rawalpindi,BAHRIA TOWN,good, 2 ,House,,,,"14,600,000"
42,5061 Sq. Ft., 4 ,4,2,2014.0,Rawalpindi,CHAKLALA,good,1,House,yes,no,yes,40700000.0
979,5739 sq ft, 6 ,5,1,1993.0,Rawalpindi,ADIALA ROAD,Fair,3.0,House,Yes,yes,,27800000.0
660,1355 Sq. Ft.,6, 5 , 2 , 2020 ,Rawalpindi,SATELLITE TOWN,GOOD,0,House,yes,No,No,19100000
734,741 Sq. Ft.,2.0,2, 1 ,1986.0,Islamabad,pwd,Fair,2,House,,,No,6600000.0
379,717,4.0,5,2,"2,012",Lahore,JOHAR TOWN,good,2,House,no,Yes,,13600000
822,690 sqft, 4 , 4 ,1.0,"2,023",,Gulshan-e-Iqbal,New,2,House,yes,,, 19500000 
376,3401 sq ft, 3 ,4,1.0, 1998 ,Karachi,DHA Phase 6,Needs Renovation,2.0,House,yes,,,
617,3335 Sq. Ft., 5 ,5, 2 ,2022,Karachi,Bahria Town Karachi ,New,1.0,House,no,no,,54000000.0
687,N/A,4,4.0,2, 2025 ,Rawalpindi, Chaklala,Poor,1,House,no,No,yes,"43,800,000"
871,,2,2,2,"2,017",Rawalpindi,Bahria Town,Excellent, 1 ,House,Yes,No,No,19300000
555,4548 Sq. Ft.,5,4,2.0,"2,025",Karachi, North Nazimabad,Fair , 1 ,House,Yes,yes,Yes,"71,900,000"
177,1929 sq ft,4.0,4,1, 2002 ,Islamabad,BAHRIA TOWN,good, 1 ,House,Yes,,no,"29,900,000"
300,747.0,7.0, 6 ,2,2021,Lahore, Raiwind Road,Fair,1.0,Villa,yes,,yes,13300000
935, 1116 ,6,7,2.0,,Lahore,gulberg,New,2,Villa,,yes,yes,41200000.0
6,4272 sqft,5,5, 1 ,"2,000",Lahore,Raiwind Road ,Needs Renovation, 3 ,House,,no,Yes,18100000.0
183,742.0, 4 , 3 , 3 ,2011,Lahore, DHA Phase 8,Poor, 2 ,House,,No,Yes, 13000000 
476,1269 sqft,3,2,2, 2024 ,Rawalpindi,satellite town,good,1,Villa,,yes,,17100000.0
750,8876.0, 4 ,5,3.0, 1992 ,Lahore,DHA Phase 7,excellent,1.0,House,yes,,Yes,"99,300,000"
565,4465 sqft, 4 ,3, 2 , 1988 ,Lahore,Garden Town,Fair ,1.0,House,,yes,yes, 36000000 
357,749 sq ft,3, 2 ,1,1991,Faisalabad,PEOPLE'S COLONY,good,,House,yes,yes,no,"5,800,000"
772,1401.0, 4 ,4,2,"2,007",Islamabad, I-8,Excellent,0,House,No,no,No,N/A
26,5202 sqft,4,4,2.0,"2,009",Lahore,Askari 10 ,GOOD,3,House,,,no, 51900000 
380,711,2,2,1.0,"2,005",Rawalpindi,DHA Phase 2,excellent,2.0,House,yes,No,,8500000.0
299,1449 sqft,3,N/A,1.0, 2003 ,Karachi,dha phase 7,good,2.0,Villa,Yes,yes,No,25600000.0
400,578 sq ft,4, 4 ,2, 2015 ,Lahore,DHA Phase 8,Needs Renovation,0,House,yes,No,, 9600000 
829,1160,3,2,2, 2006 ,Karachi,Scheme 33 ,Good,,House,No,,,15200000
219,2419 Sq. Ft.,4, 5 ,2,2022.0,Lahore, Gulberg,Poor,2.0,House,yes,yes,yes,41700000
796,2762.0,5.0,5, 2 ,1985,Lahore,bahria town,New,1,House,no,,,33700000
283,5055.0, 6 ,6,3, 2024 ,Islamabad,BAHRIA TOWN,Needs Renovation,1.0,House,,No,yes, 45900000 
204,5018 Sq. Ft.,5,6.0, 2 ,1994.0,Faisalabad,Madina Town ,Fair ,3.0,House,yes,no,no,21100000.0
892,5229 Sq. Ft.,3,3, 2 ,2014,Islamabad,f-8,excellent, 2 ,House,No,yes,yes, 103400000 
672,5205 sqft,4,4.0, 2 ,2022.0,Islamabad, G-10,GOOD, 3 ,House,no,No,no, 68500000 
925, 5036 ,2.0, 2 , 2 ,2005.0,Karachi, DHA Phase 5,good,3,House,no,No,Yes,81000000
944,"6,763",,4.0, 3 ,2000.0,Rawalpindi,pwd,GOOD,1.0,Villa,YES,no,yes,"35,200,000"
611, 4963 ,4,4.0,3, 2012 ,N/A,ADIALA ROAD,Excellent,1,House,No,Yes,no,N/A
820,2565,4.0, 4 ,1.0,"1,988",Lahore,DHA PHASE 7,good,2.0,House,YES,no,, 43700000 
114,1168,5,5, 1 , 1989 ,Islamabad, I-8,Excellent,1,House,yes,Yes,Yes, 17900000 
398,4806 sqft,5,4.0,1, 2004 ,Rawalpindi, DHA Phase 2,Excellent,N/A,House,Yes,yes,,"46,300,000"
494,7012.0,7,7, 3 ,"2,015",Islamabad,G-11,Fair ,2.0,House,Yes,,Yes,"76,100,000"
795, 4697 ,2,1,2, 2016 ,Karachi,Gulshan-e-Iqbal,Poor, 2 ,House,no,yes,Yes,40900000.0
60,9679 sqft,4,5,3,"1,989",Lahore,model town,Fair,4,House,no,no,,"125,700,000"
506, 8377 ,4,4,1, 2009 ,Lahore,garden town,Fair ,2.0,House,No,,No,71600000.0
88,5040 Sq. Ft.,4, 4 ,2.0, 2019 ,Islamabad,i-8,Needs Renovation,2,House,Yes,No,,"60,100,000"
334,4601.0,6.0,5.0,2,1994.0,Lahore,Johar Town,Fair, 1 ,Villa,no,,no, 38700000 
377,931,5.0,5,3.0,1989,Islamabad,G-11,Fair ,2.0,House,no,,Yes,13600000
769,1538,4.0, 4 ,1.0,2007,Karachi, Gulistan-e-Johar,Excellent,2,House,yes,,,"21,200,000"
163,1148 Sq. Ft.,N/A,3.0, 1 ,2009.0,Karachi,dha phase 6,New,1,House,no,,No,"30,900,000"
439,8739 sqft, 3 ,3, 2 , 1989 ,Rawalpindi,Saddar,Needs Renovation,0,House,YES,No,,21800000
933,930 Sq. Ft.,4, 3 , 1 , 1997 ,Lahore,state life housing society,excellent,1,House,No,,,"9,200,000"
200,5718 Sq. Ft.,,6,2.0,2014.0,Lahore,Garden Town ,Fair ,1,Villa,no,yes,No,49400000.0
997,560.0,4,3, 1 ,1987.0,Karachi,PECHS,Fair,2,House,yes,,Yes, 7500000 
766,1336 sqft,2,1.0,1,"1,988",Lahore, Cantt,Fair ,3.0,Villa,YES,no,,16400000.0
948,"4,618",1.0,1.0, 1 , 1995 ,Faisalabad, Gulberg Colony,Poor,2,House,,No,,13400000
205,2296, 5 ,5.0,2,,Islamabad,Gulberg Greens ,excellent,2,House,,Yes,Yes,23800000
269,904,5.0,5,2.0,1987.0,Rawalpindi,PWD ,GOOD,3,House,yes,no,No, 8300000 
785,767 Sq. Ft.,3.0,2.0,2,1989,Lahore,Raiwind Road ,GOOD,1.0,House,YES,No,,"7,100,000"
209,"4,821", 6 ,6.0, 2 ,2025,Karachi,Clifton ,GOOD,2,House,Yes,No,Yes,121800000
603, 4288 ,4, 5 , 2 , 2016 ,Karachi,pechs,Excellent,1,House,yes,No,,69000000
875,4666.0,4.0,3,N/A,2009.0,Karachi,DHA PHASE 6,Fair ,2,House,no,No,no,"73,000,000"
394, 9645 ,3,3,2.0,"2,003",Karachi, Clifton,Fair, 1 ,House,YES,,,"137,700,000"
293,1923,4.0,3, 3 ,,,dha phase 5,Good,1,House,no,Yes,,56000000
983,4683.0,5,5.0,1,1995,Lahore, Wapda Town,good,2.0,House,,no,yes,36100000
527,1717.0, 5 ,6.0,3,"2,016",Lahore,RAIWIND ROAD,Good,1,House,YES,,Yes,21500000.0
960,868 sqft,5,4.0,1,1986,Karachi,NORTH NAZIMABAD,Poor,1,House,,,,"8,000,000"
144,1874 sq ft, 2 ,1.0,3,2020,Karachi,clifton,GOOD,2.0,House,yes,,Yes,42300000.0
702,1131 sq ft,4.0,4.0,2,1987.0,Rawalpindi,bahria town,Excellent, 0 ,House,no,yes,, 11900000 
634,2113 sqft,6.0,,2,1988.0,Lahore,Model Town ,GOOD,1,House,yes,no,No, 33000000 
677,1401.0, 5 , 5 ,2,"2,014",Rawalpindi,DHA PHASE 2,excellent,3.0,House,YES,,,19900000.0
654,872,4,5, 2 ,1988.0,Islamabad, F-8,New, 2 ,House,yes,,Yes,"17,600,000"
557,2982.0,6,7, 1 , 2008 ,Lahore,MODEL TOWN,New,3.0,House,No,no,No,63200000
154,"3,193",5,4,3,1996,Islamabad,I-8,GOOD, 1 ,House,,,, 41200000 
519,3247 sq ft,2,3.0,2,,Faisalabad,satiana road,excellent,0.0,Villa,No,Yes,No, 17100000 
990,4281.0,5.0, 5 , 3 , 2011 ,Karachi, Bahria Town Karachi,Good,0,House,no,,no,36600000.0
97,2768 Sq. Ft.,2,2,1, 2008 ,Lahore,Raiwind Road,Fair,N/A,House,,,No,16900000
789, 1417 , 2 , 3 , 4 ,2000,Karachi,pechs,Fair ,1.0,Villa,no,No,No, 16600000 
469,1432 sq ft,4.0,3,2,"1,991",Rawalpindi,chaklala,Good,1.0,Villa,No,Yes,,11800000
33,3809 sq ft,5,6,3,2025.0,Islamabad,F-7,GOOD,3,House,YES,Yes,No,85000000
352,960 sq ft, 2 ,2.0, 3 ,"1,998",Lahore,DHA Phase 7,good,0,House,no,Yes,no,11400000
671,585 Sq. Ft., 6 ,6.0, 1 ,1992.0,Islamabad,E-7,Fair,0,House,YES,Yes,yes,
27,2368.0,3,3.0,2,2014.0,Islamabad,f-6,Good,2.0,House,,,, 46700000 
486,"2,273",6,6,2, 2015 ,Lahore,Gulberg ,New,2.0,House,,No,No,48300000
923,1362,5,4,2,"1,995",Faisalabad,Jinnah Colony,GOOD,3,Villa,yes,,No,11700000
995,9018 sqft,4,5,2,2025,Islamabad,F-6 ,GOOD,2.0,House,,No,Yes, 218000000 
937,1757,6,6,2, 2024 ,Islamabad,B-17 ,good,2,Villa,no,no,, 29100000 
993,2071.0,3.0,4, 1 ,"2,010",Lahore,Faisal Town,Excellent,2,Villa,YES,yes,,27000000.0
287,"5,037",5.0, 6 , 1 ,2013.0,Islamabad,E-7,Fair ,0,House,YES,No,yes,66800000
378,4299.0,7, 8 ,2,,Rawalpindi,Bahria Town,Good,,Villa,No,yes,, 49200000 
561,4654 sqft,4.0, 4 ,1.0,"1,988",Karachi,Gulistan-e-Johar ,Good, 1 ,House,,Yes,,"37,200,000"
578,2331 sqft,4,5.0, 4 ,2023,Lahore,FAISAL TOWN,New, 2 ,House,,No,yes,"52,800,000"
942, 2845 ,3,3.0, 1 ,2023,Karachi,DHA Phase 8,New,1,Villa,,,, 99400000 
774, 3360 ,5,4.0, 2 ,2013.0,Rawalpindi,PWD,Excellent, 4 ,Villa,YES,,,28700000.0
580,3653 sqft,5.0,4,2,"1,996",Lahore, Garden Town,Poor,1.0,House,Yes,,yes,22200000.0
534, 2914 ,7.0, 6 , 1 ,1994.0,Islamabad,G-10,Good,3.0,House,No,Yes,yes,36400000.0
507,4840 Sq. Ft.,1.0,1,2,2023,Islamabad,g-11,Poor,2,House,no,,,54200000
80,NA, 5 ,4,N/A,1988,N/A, People's Colony,Excellent,1.0,House,Yes,,No,8200000.0
927,3310 sq ft,5,4,1.0,"1,995",Karachi,DHA PHASE 5,Needs Renovation,1,House,yes,,yes,46700000.0
64,1350 Sq. Ft.,6.0,6,2,2008.0,Rawalpindi,Adiala Road ,Excellent,1.0,House,yes,,yes,"12,700,000"
680,1511 Sq. Ft.,3,, 2 ,2006,Rawalpindi,Bahria Town ,Fair,1,House,,No,No,"15,400,000"
155,963 Sq. Ft.,6.0,6,2.0,2020,Islamabad, PWD,Needs Renovation,1.0,House,No,,No,9100000.0
414,1344 Sq. Ft., 5 ,6,2.0,,Faisalabad,canal road,Excellent, 2 ,House,No,yes,yes, 12600000 
762,"1,474",3, 2 ,1.0,"2,008",Lahore,DHA PHASE 5,excellent,1,House,Yes,,,"26,500,000"
873,7221 Sq. Ft.,4.0,3, 1 , 2009 ,N/A,Model Town,New, 1 ,House,,No,no,117500000.0
945,726 Sq. Ft.,5.0,4.0, 2 ,2002.0,Lahore,faisal town,Excellent,2,House,no,yes,,"14,400,000"
815,691 sqft,3.0, 4 ,1,"2,017",Rawalpindi,BAHRIA TOWN,excellent, 2 ,Villa,,yes,no,11100000.0
627,9719,2,2,3,2021,Lahore,dha phase 6,Poor, 4 ,House,,,, 151600000 
705,1385 sqft,4,5.0,2.0,2012.0,Islamabad,GULBERG GREENS,New,2,House,YES,yes,,21900000.0
559,6244,4.0,3,2,2023,Lahore,dha phase 6,Poor, 1 ,House,,,No,113700000.0
174,"2,903",4, 4 ,4,"2,004",Lahore,DHA PHASE 5,Excellent,1.0,House,No,yes,Yes, 63000000 
98,880,3,2,2,"1,991",Karachi,north nazimabad,Good, 1 ,House,No,no,No,12000000
568, 3766 ,1.0,1,2,,Karachi, Gulistan-e-Johar,Fair ,2,Villa,,yes,Yes,"31,200,000"
449,1619 sq ft,4.0,4,1,"1,999",Karachi,DHA Phase 6 ,Excellent,1,House,YES,,No, 38100000 
453,2815,4.0, 4 , 2 , 2001 ,Rawalpindi,askari,excellent,0,House,,no,No,21700000
137,554,4.0,3, 2 ,"1,997",Rawalpindi,DHA Phase 2,New, 2 ,House,yes,,yes,7800000.0
884,1162.0,3.0, 3 , 2 ,2014,Rawalpindi,Chaklala,excellent,1,House,No,Yes,, 14800000 
224,964 Sq. Ft.,4.0, 5 ,2.0,,Lahore,DHA Phase 5,Fair , 1 ,Villa,yes,,,15700000
272,4375 Sq. Ft.,5.0,5,2.0,2017.0,Rawalpindi,adiala road,New, 0 ,House,yes,Yes,no,28500000.0
733,4404 Sq. Ft.,5,5, 2 ,,Karachi,Scheme 33,New,1.0,House,No,,yes,57300000.0
276,5432 sq ft,5.0,,1,"2,018",Lahore, Gulberg,GOOD, 1 ,House,,No,Yes,"104,300,000"
58,6559 Sq. Ft.,, 6 ,2,1989.0,Lahore,DHA Phase 7,Needs Renovation,0,House,no,yes,,53000000.0
818, 8573 , 2 ,2.0,1.0, 2018 ,Karachi,Scheme 33 ,Excellent, 1 ,House,,No,,"79,000,000"
887,"8,518",4,4,1,"1,997",Faisalabad, Wapda City,Excellent,1.0,House,No,No,no, 36400000 
257,5402.0, 6 ,7, 2 ,2023,Lahore,State Life Housing Society ,Fair , 4 ,House,no,no,no,54100000
310, 5273 ,4, 4 ,1.0,"1,997",Islamabad,G-11,Fair ,1,House,yes,,Yes,54900000
246,1458 sqft, 2 , 3 ,2,1994.0,Lahore, Cantt,Good, 3 ,House,YES,Yes,Yes, 26100000 
900,639 sq ft,3,2,3.0,2003.0,Rawalpindi,Saddar ,Good, 2 ,House,,no,yes,7800000
119,5009, 3 ,4,1, 2006 ,Lahore,BAHRIA TOWN,Poor,0.0,Villa,yes,yes,Yes, 43300000 
934,878 sq ft, 5 ,5,2,"1,986",Lahore,bahria town,Needs Renovation,2.0,House,No,yes,,"8,300,000"
890,5010.0,N/A,6,1.0, 2023 ,Islamabad,I-8,Needs Renovation,2.0,Villa,YES,No,No, 56200000 
544,1345,2.0,2,2,1991,Lahore,Wapda Town,New,3,House,,no,Yes, 13900000 
722,795.0, 4 , 4 ,1, 2025 ,Rawalpindi,DHA Phase 2 ,Fair,0,House,YES,no,Yes,12300000
964,5484.0,4.0,3.0, 3 ,1992,Karachi, DHA Phase 7,Needs Renovation, 2 ,Villa,yes,yes,No, 50700000 
743,726 sqft, 2 , 2 ,1, 1985 ,Karachi, Bahria Town Karachi,Poor,1,Villa,,Yes,No,5400000.0
215, 7217 ,3, 3 ,1.0,1997.0,Lahore,Raiwind Road,excellent,4,House,yes,No,Yes,"44,800,000"
140,3258 sq ft,3.0,4,4.0,N/A,Islamabad,g-11,Good,2.0,Villa,No,,, 32700000 
902,5125,5,4,2,1995,Lahore,wapda town,Needs Renovation,2,House,no,,,
695,"1,507",3.0,3, 2 ,1994,Lahore,Garden Town,Good, 2 ,House,yes,No,no,14000000.0
989,8960 Sq. Ft., 6 ,6,4, 2006 ,Karachi,Gulshan-e-Iqbal ,Good,,House,YES,yes,,"89,900,000"
133,9325 sq ft,5, 4 ,1.0,"2,011",Islamabad,F-7,Excellent,2.0,House,,Yes,, 200000000 
82,"9,230",5.0,5,2.0,,Karachi,DHA Phase 6,Fair , 3 ,House,No,,,137400000.0
325,3392 sq ft,6.0,6,1,"1,988",Karachi,DHA PHASE 8,excellent,1.0,Villa,yes,,Yes,73800000.0
8,5219 Sq. Ft., 4 , 3 ,2,1991,Islamabad,I-8 ,Excellent,1,House,,Yes,No,"65,500,000"
323, 2112 ,2,2,2, 2023 ,Lahore,garden town,Excellent,1,House,yes,no,Yes,"34,700,000"
217,5821.0,,6, 2 ,2000.0,Lahore,Cantt ,Good,0,House,No,,no,82600000
803,4741, 6 ,,1,1985,, Bahria Town Karachi,Fair,2,House,,,yes,"36,400,000"
666,609,4.0, 4 ,1.0,1994,Lahore,dha phase 7,excellent,2,House,,,, 12300000 
166,1416 Sq. Ft.,2.0, 1 , 1 ,1991,Lahore,DHA Phase 5,New,1,Villa,,Yes,No, 21300000 
574,"5,596", 3 ,2,1,,Faisalabad, People's Colony,New, 2 ,Villa,no,,Yes,"24,100,000"
243,4717 Sq. Ft.,3,3,3.0, 1992 ,Karachi,CLIFTON,Fair ,3.0,Villa,no,Yes,no, 67800000 
72,"3,168", 5 ,5,2,1999.0,Islamabad,I-8,Poor,3,Villa,No,no,,"34,000,000"
974,"1,579", 3 , 3 ,2,2004,Karachi,Gulistan-e-Johar,Excellent,1.0,House,no,,no,22400000
606,5774 Sq. Ft., 6 ,5.0,1, 2016 ,Karachi,dha phase 6,New,3,Villa,no,,yes,121300000.0
932, 5118 ,4, 4 ,2.0,"2,002",Lahore,Cantt ,Excellent,2.0,House,Yes,yes,no,98900000
699,3579 sq ft, 3 ,2.0,4,2003,Islamabad,gulberg greens,Needs Renovation,2,House,yes,yes,Yes,25900000
804,962 Sq. Ft.,4,5,1,1985,Islamabad,F-8,Needs Renovation,2.0,House,Yes,No,,"12,200,000"
624,2768 sqft,4.0,4,1.0,1999.0,Islamabad, F-8,New,0.0,House,YES,Yes,, 54500000 
563,699,6,5,2.0,1998.0,Islamabad, F-6,excellent, 1 ,House,,Yes,no,"17,600,000"
920,"1,155", 5 ,6, 2 ,2012,Islamabad, Gulberg Greens,Poor, 2 ,Villa,Yes,No,,13600000
151,881 sqft, 4 , 4 ,3,2019.0,Islamabad,F-7 ,Excellent,3,Villa,YES,no,yes,31800000
365,4291.0, 4 ,4,2.0, 2012 ,Rawalpindi,SATELLITE TOWN,excellent,1.0,House,No,no,,37700000
250,,4,5,2,1992,Islamabad,B-17 ,Fair, 0 ,House,No,yes,No,8600000.0
316,5673 sqft,2,1,2.0, 2006 ,Karachi,scheme 33,New,0.0,House,yes,Yes,Yes,53500000.0
765,,3.0,2,3,1994,Karachi,PECHS ,Excellent,3,Villa,Yes,no,No,70500000.0
93,"9,218",4,3,2,2002.0,Lahore,johar town,Fair ,2,House,YES,Yes,,77800000
59,902,4,5,4,2005,Lahore,dha phase 7,excellent,2.0,House,yes,No,,"20,300,000"
278,705 sqft,3, 4 ,1,1988,Rawalpindi,pwd,Fair ,0.0,Villa,no,Yes,,5500000
618,7115 sq ft, 5 ,5,2,1999.0,Islamabad,F-6,Poor,2,House,no,No,No,68000000.0
475,3364,4,3.0,2.0,1989.0,Karachi,NORTH NAZIMABAD,Good, 0 ,House,yes,Yes,yes,"35,400,000"
822,690 sqft, 4 , 4 ,1.0,"2,023",,Gulshan-e-Iqbal,New,2,House,yes,,, 19500000 
865,639 sq ft,4, 4 ,2,2022.0,Karachi, North Nazimabad,Good,2.0,House,No,,,13900000.0
487,8664.0,4,4.0, 1 ,2009.0,Karachi,DHA Phase 6,Poor, 2 ,House,,No,yes,"118,300,000"
515,6947 sq ft,6, 5 ,2,"2,007",Islamabad,PWD ,Poor,1,House,no,No,No,33400000.0
959,6229 sq ft,5,6,1,"2,024",Islamabad, DHA Phase 2,Needs Renovation,2,House,No,no,, 72200000 
393,"4,537",5.0,5,2.0,2005,Karachi,DHA Phase 6,Fair,2,House,no,,, 64800000 
998,731 Sq. Ft.,5.0,5, 2 ,1993.0,Rawalpindi,DHA Phase 2 ,GOOD,1,House,,Yes,yes,9700000.0
882,"4,691",4.0,3.0,2,"2,009",Faisalabad,Jinnah Colony ,Excellent,3.0,House,YES,yes,no,32400000
831,6845 sqft,1.0,2,2,"1,991",Islamabad,PWD,Fair,2.0,House,Yes,yes,yes,51900000.0
967, 4790 ,3,3,3,1987.0,Islamabad, F-6,Needs Renovation,3,Villa,,yes,,"54,900,000"
924,7171 sqft,5,6,2, 2015 ,Lahore,DHA Phase 6 ,excellent, 2 ,House,,,no,141000000
388,2391 Sq. Ft.,4,5, 2 ,"2,007",Karachi, DHA Phase 6,Fair ,2.0,House,,no,,57900000
266,1196 sq ft,5,6.0,2.0,1995,Faisalabad,Gulberg Colony ,Fair ,1,House,YES,no,Yes, 7000000 
973,4571,4.0,4.0,1.0,1994,Karachi,Scheme 33 ,Fair , 1 ,House,yes,,Yes,29300000.0
648,620, 3 ,4.0, 2 ,1995,Karachi,PECHS ,Good,2,House,Yes,yes,,11800000.0
185,1060 Sq. Ft.,3,3, 2 ,2005,Islamabad,PWD,GOOD, 0 ,Villa,YES,,No,"13,400,000"
95,3499.0,5.0,6.0, 2 ,2021,Lahore,Cantt,New,2,Villa,no,Yes,, 100900000 
517,1482,3,3,1,1985.0,Islamabad,G-11,excellent,3.0,House,YES,Yes,, 17200000 
681,"1,076",4,5.0,2,"2,008",Islamabad,F-7,Excellent,1.0,Villa,No,no,,"32,900,000"
240,5226,3.0,3.0,1,2000,Karachi,DHA PHASE 8,New, 1 ,Villa,no,,Yes,70600000
707,"3,398",5,5,1,1999,Islamabad, G-10,GOOD,2,House,No,No,Yes,38900000
802,4612 sq ft,5,5.0,2.0, 1988 ,Islamabad,G-10,Fair , 2 ,House,,No,Yes, 46800000 
593,"9,393",5,5,1, 2020 ,Karachi,DHA PHASE 8,Fair , 1 ,House,Yes,,Yes, 158200000 
814,1490 Sq. Ft., 4 , 4 ,1.0, 2003 ,Islamabad,G-11,Good,2,House,,no,,24000000
759, 3573 , 3 , 3 ,3,2024,Lahore,Model Town ,Needs Renovation,2,House,Yes,,,44800000
67,3395 sqft,6,7.0,3, 2006 ,Islamabad,I-8,Fair ,1.0,House,YES,no,No,47800000.0
862, 5535 , 3 ,2,1.0,1995.0,Lahore,Johar Town,Fair,1.0,House,No,No,,33500000.0
686, 1941 ,5.0,,,,Islamabad,E-7 ,Poor, 4 ,House,yes,no,Yes,32300000.0
66,8624.0, 3 ,3,2, 2022 ,Rawalpindi,Bahria Town,GOOD,1,Villa,No,,No,"70,200,000"
837,"1,799",5, 4 , 3 , 2012 ,Karachi,dha phase 8,excellent,3,House,YES,,,
3,1393 Sq. Ft.,3.0,3,2, 1989 ,Karachi,Gulshan-e-Iqbal ,Needs Renovation,2,House,No,no,no,11100000.0
29, 3393 ,4, 4 ,1, 2016 ,Islamabad,G-11,New,2,Villa,,,Yes, 62900000 
207, 9121 ,2,3,1, 1991 ,Karachi,DHA PHASE 7,GOOD,2.0,House,Yes,Yes,Yes,123800000
827,9556 sqft, 2 ,1.0, 4 ,1995.0,Karachi,DHA PHASE 8,Poor, 1 ,House,Yes,,no,88300000.0
961,"5,722", 4 , 3 ,3.0,"2,006",Islamabad,F-7 ,Poor,0,Villa,no,Yes,,"78,000,000"
594,"4,192",4,4.0,1,"2,025",,malir,Fair ,1,House,,Yes,No,
633,3771,4,3,N/A,2001.0,Lahore,JOHAR TOWN,excellent,1,House,Yes,,yes,46600000
667,"1,182",4,4.0,2, 2016 ,Lahore,Garden Town ,New,0,House,Yes,no,,19300000.0
679, 4618 , 5 ,4.0,1.0,2005,Karachi,PECHS,Fair,2.0,House,no,,Yes,"64,300,000"
767,1441 sq ft,5, 4 ,1.0,2019,Karachi,bahria town karachi,GOOD, 1 ,Villa,no,,no,21300000.0
311, 1272 ,3, 4 ,2, 1995 ,Karachi,SCHEME 33,Excellent,0,Villa,No,Yes,Yes, 11700000 
917,2100 sqft,3,2,1, 2004 ,Islamabad,E-7,Fair, 0 ,House,No,,,41400000
480,865 sqft,5,4,2,N/A,Karachi,DHA Phase 8,Needs Renovation,0,Villa,,yes,, 12900000 
717,"4,917",5,5.0,1.0,2011.0,Lahore,DHA PHASE 6,Good,0,House,YES,,no,117700000
100,612,7, 7 , 1 , 2021 ,,PECHS,good,1,House,,no,Yes,16900000.0
694,,6,6, 1 , 2020 ,Lahore, Johar Town,Poor, 3 ,Villa,,No,No,46500000
646,754 sqft, 4 ,5,3,1987.0,,Bahria Town Karachi,excellent, 1 ,Villa,YES,yes,No, 9100000 
263,6877 sqft,5.0,6.0,2,N/A,Karachi,bahria town karachi,Good,0,House,no,,,57200000.0
412,6594 Sq. Ft.,4,4.0, 2 ,2022,Lahore, DHA Phase 7,Excellent, 1 ,House,,yes,Yes, 113400000 
683,"1,617",6,5.0,2.0,2025.0,Islamabad,BAHRIA TOWN,Fair ,1,Villa,No,,no, 28200000 
939,5515,4,4.0,1.0, 2002 ,Karachi,Scheme 33 ,excellent,2,House,,yes,no, 48200000 
139,1275.0,3.0,3.0,1,"2,014",Lahore,BAHRIA TOWN,Fair, 0 ,House,YES,Yes,,"16,700,000"
512,"2,494",6,6,3.0,1994,Lahore, Faisal Town,Excellent, 2 ,House,,No,No, 25700000 
212,630, 1 ,1,2, 2022 ,Rawalpindi,DHA PHASE 2,New,1,Villa,,No,No,10600000.0
330,"2,862", 5 ,5,3, 1999 ,Islamabad, Gulberg Greens,excellent,1,Villa,No,no,No,32100000
440,5072 sqft,6.0,7,2.0,"1,985",Islamabad,DHA PHASE 2,Needs Renovation,2,House,Yes,No,yes,"37,800,000"
708,1898 Sq. Ft.,1,2,1, 1989 ,Islamabad,b-17,excellent,1.0,Villa,,yes,no, 18400000 
997,560.0,4,3, 1 ,1987.0,Karachi,PECHS,Fair,2,House,yes,,Yes, 7500000 
908,885.0,5, 4 ,1.0,2000,Karachi, DHA Phase 8,excellent, 2 ,House,,No,no,"22,200,000"
143,592,4,4, 1 ,2010,Islamabad,Gulberg Greens,Fair ,1.0,House,yes,,,"7,300,000"
641,N/A,7,6,2,1996.0,Karachi, DHA Phase 6,GOOD,3.0,House,,Yes,Yes,24000000.0
879,2111.0,5.0,4,2, 2022 ,Karachi,DHA Phase 7,Poor,1,House,,No,Yes,36200000.0
116,2610 Sq. Ft.,2,3,1.0, 2009 ,Islamabad,GULBERG GREENS,excellent,1,House,yes,no,no, 34100000 
317,1485 sq ft,3,4.0,1.0,"2,019",Lahore,DHA Phase 5 ,Fair , 2 ,Villa,no,,No,"27,300,000"
604,8362 sqft, 1 ,1,4,N/A,,State Life Housing Society,good,1,House,yes,,,61600000
977,2620 sq ft,5.0,5.0,1,"2,007",Karachi, DHA Phase 8,Good, 2 ,House,Yes,yes,No,71000000
583,3734, 5 ,5,3.0,1999.0,Islamabad,Bahria Town,Excellent,1,House,,,,"42,000,000"
978,1829 sqft,5,4.0, 2 , 2014 ,Karachi, DHA Phase 5,Poor,2.0,Villa,,yes,,31200000
533,"1,875",4,4,2.0,2000.0,Lahore, Faisal Town,good, 2 ,House,No,,, 16600000 
797,869.0,4,4.0,3.0,1995,Karachi,GULSHAN-E-IQBAL,Fair ,2,House,yes,yes,no, 11700000 
503,805 sqft,3,3, 2 , 1994 ,Lahore,dha phase 7,Good,1,Villa,No,Yes,no,"15,800,000"
992,"5,414",3.0, 3 ,2,"2,022",Karachi, Bahria Town Karachi,Fair,3,Villa,Yes,,Yes,"49,100,000"
16,3368 Sq. Ft.,4,5,2,,Islamabad,Bahria Town ,GOOD,2,House,,Yes,yes,"52,000,000"
15,"5,024",1.0,1, 2 ,"1,989",Lahore, DHA Phase 5,excellent,2.0,House,,yes,,62200000
31,7042 sq ft,4.0,5.0, 1 , 2023 ,Faisalabad, Madina Town,Fair ,2.0,House,,Yes,yes, 39100000 
344,9153, 3 ,4.0, 1 ,"2,014",Islamabad,Bahria Town,Excellent, 2 ,Villa,No,,No,"93,400,000"
640,2310 sq ft, 2 ,1,4,2014,Faisalabad,PEOPLE'S COLONY,Fair ,3.0,House,YES,,Yes,14700000.0
731,1066 sqft,4,3,2,"2,021",Islamabad,Bahria Town,Needs Renovation, 4 ,House,yes,Yes,no,9800000
464,"5,010", 5 ,4,2,1989.0,Faisalabad,Jinnah Colony,excellent, 1 ,House,No,no,No,"24,700,000"
982,5410.0, 4 ,5,2, 2019 ,Karachi, DHA Phase 5,Poor,2.0,Villa,No,,, 94100000 
718, 9022 ,4.0,5,1, 2017 ,Lahore,DHA Phase 7 ,Good,1,House,,yes,no,"123,400,000"
906,3297.0,3,2, 2 , 1987 ,Islamabad,PWD,Needs Renovation,1.0,House,no,no,No,18500000.0
623,2318 sqft,4,4, 2 ,1986,Islamabad,E-7,Poor,3,Villa,,No,Yes,"28,600,000"
201,1290,5.0,5.0,2, 1990 ,Faisalabad,People's Colony,Fair ,3.0,House,No,no,,9100000.0
725,"4,664",4,5,3,2009,Lahore,STATE LIFE HOUSING SOCIETY,GOOD,0.0,House,Yes,yes,yes,36100000
975,4772 sq ft,5, 6 , 1 ,2014.0,Islamabad,G-10 ,Excellent, 1 ,Villa,Yes,Yes,Yes,"75,300,000"
655,1179 sqft,2, 2 ,1, 2011 ,Islamabad,i-8,Fair,3,House,,,,13900000
911,942,4.0,5,1, 2000 ,Islamabad,E-7,Needs Renovation,2,House,no,,no,"14,900,000"
436,2903 sqft,3, 3 , 1 ,2012,Lahore,CANTT,good, 1 ,House,,No,, 57600000 
573,4657,2,3.0,1,"2,017",Karachi,dha phase 5,excellent,0.0,Villa,YES,,yes, 116700000 
828,739, 5 ,5, 2 ,1989,Karachi,PECHS,excellent,2,House,no,,Yes, 16800000 
122,2630.0, 4 ,4,2.0,2002.0,Rawalpindi,Chaklala ,good,3,House,no,yes,No,24900000.0
235,4707 sq ft, 4 , 5 , 2 ,"1,987",Faisalabad,PEOPLE'S COLONY,Excellent, 1 ,House,,No,no, 27000000 
776,3482 sqft,4,4, 2 , 2002 ,Karachi,DHA Phase 8,Fair, 0 ,House,No,yes,,79000000.0
467,1567,7.0,7.0,2, 2010 ,Rawalpindi, Saddar,Excellent,1,House,YES,,yes, 15600000 
427,586,4,3.0,1.0,"2,010",Karachi,PECHS,Excellent,1,Villa,no,Yes,Yes,10000000.0
784,2348 sq ft,4,4,3,2018,Faisalabad,Canal Road ,Needs Renovation,3,House,Yes,no,,"14,200,000"
466,1709,3,2.0,3,2012,Faisalabad,wapda city,Fair , 2 ,House,YES,yes,,12600000
282,1436.0,3,3.0, 3 ,1991,Rawalpindi,chaklala,Excellent,2,House,no,,Yes,"14,300,000"
715,1681 sq ft,3,4,1.0, 2013 ,Rawalpindi,pwd,Good,1.0,House,YES,,,"13,300,000"
853,6532, 2 ,3.0,2,"1,986",Karachi,Bahria Town Karachi,good,2.0,House,No,yes,No,54800000
720,9506 Sq. Ft.,,4,2,2007.0,Karachi, DHA Phase 6,Fair , 1 ,House,No,no,yes,"154,600,000"
497,690 Sq. Ft.,3.0, 2 ,2.0,"2,014",Islamabad,e-7,GOOD, 2 ,House,,yes,, 22600000 
452,2909 sq ft,6,5,2.0, 2001 ,Rawalpindi, Saddar,Good, 2 ,Villa,YES,No,,23400000
849,1709 sq ft,4,5.0,1, 2025 ,Karachi, Gulshan-e-Iqbal,Needs Renovation,2,House,,No,No,"16,300,000"
713,50,5.0,6, 2 ,1988,Lahore,ASKARI 10,excellent,1.0,Villa,no,,No,100000
451, 2242 ,,6, 1 , 2010 ,Rawalpindi,DHA PHASE 2,Good,2,House,No,no,No, 26000000 
303,2511 sqft,7, 8 ,2,,Karachi,DHA PHASE 8,Good,3,House,Yes,yes,Yes,75000000
896,954,3.0,4.0,2,"2,019",Islamabad,I-8 ,Excellent,2,House,No,No,,22900000.0
863,1207 sqft,5, 5 ,1.0,1986,Lahore,gulberg,excellent, 1 ,Villa,No,No,,19400000
949,"4,808", 2 ,3.0,1,2000.0,Rawalpindi,ADIALA ROAD,Poor,2,House,yes,no,,"15,300,000"
880,,2,2,2,1988.0,Karachi,DHA PHASE 7,GOOD, 0 ,House,,,, 60300000 
539,4760,,4.0,1,"2,011",Lahore,Raiwind Road ,Good,2,House,,Yes,No,37400000
545,1143,5,6.0,1.0,"2,002",Islamabad,F-8,Needs Renovation, 1 ,Villa,,,,18800000
496,750.0,4.0,,2, 1985 ,Karachi, DHA Phase 5,Needs Renovation,3,House,,yes,, 12000000 
149,8853 Sq. Ft.,4,4.0, 2 ,2011,Lahore,Garden Town ,Excellent,1.0,House,YES,,No,"116,900,000"
192,"3,360",5, 5 , 2 ,"2,016",Rawalpindi,ASKARI,Poor, 1 ,House,No,,yes,28700000.0
643,1805 sqft,4.0,4,1.0,2019.0,Lahore,DHA Phase 5 ,New,2,House,No,,yes, 43400000 
520,1301.0,4.0, 3 , 1 ,1994.0,Rawalpindi, PWD,Good,1,House,yes,no,no,
897,2386.0,1,2, 2 ,1997.0,Karachi,Malir,Needs Renovation,1,House,No,Yes,, 11000000 
499,1531 Sq. Ft.,5, 5 ,2,2005,Lahore,RAIWIND ROAD,excellent,2,Villa,YES,,no,19600000.0
74, 8548 ,2.0, 3 ,1,1993,Faisalabad,People's Colony ,good, 1 ,Villa,no,no,no, 34900000 
53,4368 sq ft,3, 2 ,2,1986,Lahore, Wapda Town,excellent,3,House,,No,No, 35900000 
7,2179.0,2,1.0,2, 1999 ,Islamabad,E-7,Needs Renovation, 1 ,House,,,Yes,"18,800,000"
79,3709 sqft,4,4.0, 2 , 1986 ,Rawalpindi, Saddar,New,2.0,Villa,yes,No,No, 25100000 
345,3111 sqft,5.0,6.0, 3 ,"2,018",Lahore, DHA Phase 6,Poor, 2 ,House,No,Yes,Yes, 54900000 
424,5255 sqft, 3 ,4, 2 , 2014 ,Rawalpindi,Saddar ,New,2,Villa,No,No,no,"36,500,000"
991, 610 , 4 ,4, 3 , 2009 ,Lahore,DHA Phase 8 ,Fair , 3 ,Villa,Yes,no,no,12200000.0
145,4150.0, 5 ,6.0,1,2005,Karachi,DHA PHASE 7,Poor,2,Villa,yes,yes,No,"52,500,000"
714,879,1.0,1,3,2015.0,Lahore,DHA Phase 8,New,0,House,yes,Yes,No, 18100000 
912,3354 sq ft,4,3.0,2.0, 1994 ,Rawalpindi,bahria town,Excellent,0,House,no,yes,yes,24000000
569,3691,7,6,1,N/A,Karachi,BAHRIA TOWN KARACHI,New, 1 ,House,No,,yes, 48900000 
83,3782.0, 4 ,4.0,, 1990 ,Karachi,Gulistan-e-Johar,Fair ,2.0,House,Yes,Yes,no, 35000000 
566,4666.0,4,4, 1 ,2021,Lahore,wapda town,Good,1,House,YES,,No, 66400000 
954,,3,3,2.0,2005,Faisalabad,JINNAH COLONY,excellent,1,Villa,No,,yes,23100000
682,1349 sq ft, 2 ,2.0, 2 ,2022,Lahore,RAIWIND ROAD,Excellent, 0 ,House,No,,No, 13000000 
435,, 3 ,3, 2 , 2004 ,Islamabad,PWD,excellent,0,House,,yes,,30900000.0
286,1914,5,5,4,"2,019",Rawalpindi,Askari ,New, 0 ,House,yes,yes,no, 28000000 
353, 585 ,3,,3, 1997 ,Faisalabad,WAPDA CITY,Needs Renovation,0,House,YES,,No,4800000.0
254,2522 sqft,3.0, 2 , 2 ,1986.0,Karachi, Bahria Town Karachi,Good,2,Villa,No,No,no,21700000
194,1198 sq ft, 3 ,3,2,2002,Lahore,DHA Phase 5 ,Fair, 3 ,House,YES,No,No, 25000000 
588,3157 sqft,4,4,2,"1,993",Karachi,Malir,excellent,2,House,yes,yes,No,29200000
899,"5,387",2,3.0, 4 , 2005 ,Lahore,GARDEN TOWN,Fair, 1 ,House,no,yes,,46100000
347,595 Sq. Ft.,3.0, 3 ,1.0,"2,004",Faisalabad, Gulberg Colony,Fair ,2.0,House,,no,,"6,500,000"
612, 5133 ,4,4,2,2012,Lahore,Wapda Town ,Fair,4,Villa,no,No,,"61,100,000"
622, 3848 ,5,5,2, 2002 ,Karachi, PECHS,Excellent, 0 ,Villa,yes,yes,,58600000
407,,6,6, 2 , 1985 ,Karachi,GULSHAN-E-IQBAL,Needs Renovation, 1 ,House,,no,no,9600000
562,945,3,3,1.0, 2011 ,Karachi,DHA Phase 7 ,Good,0,House,,,,24500000
245,1341 Sq. Ft.,5,6.0, 2 ,"2,005",Karachi,SCHEME 33,GOOD,,House,yes,No,,"16,500,000"
575,0,3,3.0,2.0, 2016 ,Lahore,Raiwind Road,Needs Renovation,1,Villa,,No,,5000000000
241,885,6.0,7,3,1990.0,Islamabad,G-10,good, 3 ,House,No,Yes,,"17,900,000"
600, 597 ,3.0,3.0,1.0, 1988 ,Faisalabad, Madina Town,Good,0,House,no,no,,5000000
123,2646.0,4.0, 4 ,1,"2,018",Islamabad,G-10,Poor,3,Villa,,yes,, 32600000 
110,"1,513",2.0,2,1.0,"1,988",Karachi,DHA PHASE 8,Poor,2,Villa,yes,No,No, 19600000 
405,1271.0,3, 4 , 3 ,2005.0,Lahore, Askari 10,Good,3.0,House,No,,no,"26,700,000"
389,9457,4,4,3, 2014 ,Islamabad,F-8,Excellent,1.0,Villa,yes,,,"158,300,000"
170,936 sq ft,4.0,5,1, 2001 ,Rawalpindi,satellite town,Fair , 1 ,House,,,,"8,400,000"
220,1492 sq ft,3, 2 ,1,2002,Lahore,Model Town,Good,,Villa,No,No,,27800000.0
630,2215 sqft,N/A, 6 ,3,"2,019",Rawalpindi,DHA Phase 2 ,excellent, 0 ,House,,,no, 34200000 
581, 5329 , 3 ,3,3,2024,Islamabad,Bahria Town ,New,1,House,,No,,87700000.0
271,1038 sq ft, 3 , 3 , 1 ,2011.0,Lahore,faisal town,GOOD,0,House,,No,yes,
20,923, 4 ,4,3,1996.0,Karachi, DHA Phase 5,Excellent,1,House,No,no,yes,22200000
69,616,6,6,2,"2,015",Karachi,DHA Phase 7,GOOD,2,House,yes,yes,, 17900000 
811,6531 sq ft,3,3,1.0,2013,Lahore,model town,GOOD,3,House,No,,,"131,400,000"
369,5638 sqft, 2 ,2, 2 ,2004,Lahore,ASKARI 10,Poor,2,House,No,,,55900000
9,763.0,3,2, 4 ,"2,001",Islamabad,I-8,GOOD,1,Villa,No,No,yes,14900000
76,3321 sqft, 3 ,3, 4 ,2018.0,Karachi,bahria town karachi,Poor, 1 ,House,Yes,,, 36100000 
302,4236,5.0,5,2,"2,010",Rawalpindi, DHA Phase 2,New,0,House,,no,Yes,"39,300,000"
108,6625 Sq. Ft., 5 ,4,3, 2006 ,Lahore, Garden Town,Good,0,Villa,Yes,No,,"70,100,000"
225, 7127 ,3, 4 , 2 ,2011.0,Karachi,Gulistan-e-Johar ,Fair, 2 ,House,No,No,yes,"63,300,000"
336,3072 sqft, 4 ,5,1,"1,999",Islamabad,F-8,Excellent,2.0,House,,,No,"55,800,000"
607,582 sqft,3.0,2, 2 ,2019,Rawalpindi,Satellite Town,Fair, 0 ,Villa,Yes,No,,7000000.0
758,1813 sqft,4.0,3, 3 ,1985.0,Faisalabad,wapda city,Excellent, 1 ,House,No,No,no,13300000
258,"5,658",1.0, 1 ,2.0,"2,015",Islamabad, PWD,excellent,1.0,House,YES,,yes,54400000
710,50,2.0, 1 , 2 ,2011.0,Rawalpindi,Saddar ,Fair , 1 ,House,No,,yes,5000000000
385,770 sq ft,3,2.0,1,2017.0,Lahore,STATE LIFE HOUSING SOCIETY,GOOD, 2 ,House,YES,,No,9500000
850,"4,990",3,2.0,2,"1,991",Islamabad,g-11,good,2,House,yes,,no,
824,1274.0, 3 , 3 ,2.0,1986,Islamabad, DHA Phase 2,GOOD,1,House,No,Yes,No, 14600000 
107,,3,3, 1 ,2010,Islamabad,gulberg greens,GOOD,2.0,House,Yes,no,Yes,33800000
206,"1,377",3,3,3.0,1996.0,Lahore,FAISAL TOWN,New,1.0,House,,no,yes,20300000
621,1191.0,6,5.0,1,2001.0,Lahore,Cantt ,Poor,2,Villa,yes,No,no,17300000
749,3571 Sq. Ft.,5,4.0,1,2008.0,Lahore,DHA PHASE 5,Good,,House,,,,54600000.0
408,1324.0,5.0,5,3,1993.0,Karachi,MALIR,Good,1,House,Yes,no,,15100000.0
616,2229 sqft, 5 ,6.0,3,1987.0,Karachi,gulshan-e-iqbal,excellent,0,Villa,Yes,no,,24900000
958,9439 sqft, 3 ,4.0,2,2023.0,Karachi,Clifton ,excellent,0.0,House,yes,Yes,,"240,000,000"
180,4681 sq ft,5.0,5.0,2, 2000 ,Karachi,DHA Phase 5,Fair ,1,House,,yes,no,"57,500,000"
24,3362,4,4, 2 ,2018.0,Islamabad,E-7,excellent,1,House,yes,,no,109900000.0
591,1935.0,5,5.0,3,"2,012",Lahore,faisal town,excellent,2.0,House,,yes,No,32000000
182,"6,803",5,5, 1 , 1997 ,Faisalabad,Canal Road ,Good,0.0,House,,,, 31100000 
787,3772 sq ft,5,6.0,2,"1,996",N/A,DHA PHASE 8,New, 1 ,Villa,Yes,Yes,No,66000000
752,691 sqft, 3 , 4 ,1, 1999 ,Karachi,North Nazimabad ,Fair , 0 ,House,no,yes,Yes, 8700000 
587,2159.0, 2 ,2,1.0, 1992 ,Islamabad,E-7,excellent, 3 ,House,No,Yes,yes,"42,800,000"
579,8980.0, 3 ,3, 1 ,"2,024",Islamabad, I-8,GOOD,1,House,YES,Yes,,"113,800,000"
458,6944 sqft,4.0,4.0,2,2018.0,Rawalpindi,PWD,Needs Renovation,1,Villa,,yes,,"25,600,000"
625, 4423 ,5, 6 ,2.0, 1998 ,Lahore,WAPDA TOWN,GOOD, 2 ,House,Yes,,,"33,100,000"
684,1477 sq ft,2,1,1, 1988 ,Islamabad,F-7 ,Good,2,House,No,,yes,"24,100,000"
831,6845 sqft,1.0,2,2,"1,991",Islamabad,PWD,Fair,2.0,House,Yes,yes,yes,51900000.0
567,5038.0,6,5,2,1996.0,Lahore,Askari 10 ,Poor,1.0,House,YES,,No,33200000
455,4311 sq ft, 3 ,3,1,"1,988",Islamabad,Gulberg Greens ,excellent,1.0,House,,No,No,36300000
540,1367 sq ft, 3 ,3.0, 4 , 1985 ,Islamabad,pwd,Fair ,3.0,House,no,,No,13800000
191,3879,4.0,5,3, 1988 ,Lahore,JOHAR TOWN,Fair ,1,House,YES,,Yes, 27600000 
764,"1,609",2,1,2,"2,023",Karachi,Clifton,New,2,House,no,yes,,52000000.0
724,871,4,4,, 2019 ,Islamabad,F-8,Needs Renovation,0,House,no,no,,"17,500,000"
986,600,4,5.0,1,"2,005",Karachi,DHA PHASE 6,Good,1.0,House,yes,no,, 17300000 
264,"4,678",3,3.0,1,"1,992",Lahore,DHA Phase 5 ,GOOD,1,House,no,yes,No,46100000.0
270,1470,1, 1 ,1.0, 1991 ,Karachi,gulshan-e-iqbal,excellent,0,House,yes,no,Yes, 13100000 
592,8748 Sq. Ft., 3 , 4 ,N/A,1986,Islamabad,PWD,Needs Renovation,1.0,House,YES,no,, 33500000 
866,2812, 3 ,, 3 , 2023 ,Karachi,DHA Phase 5 ,good, 2 ,House,,yes,yes,69600000.0
484,4566,1,1.0, 1 , 1996 ,Karachi,Gulistan-e-Johar,Poor,0,Villa,no,No,yes,23600000
658,563 Sq. Ft., 4 , 3 ,2,,Islamabad,G-11,New,2.0,House,No,no,,14100000
289,4220 Sq. Ft.,4,4, 1 ,2011.0,Lahore,DHA Phase 5,good, 1 ,House,No,,no,79100000
613,1060,3,4.0,2.0, 1985 ,Lahore,Model Town,excellent,1,House,Yes,yes,yes, 17000000 
247,3217 sqft, 5 , 5 ,2.0, 2011 ,Lahore,STATE LIFE HOUSING SOCIETY,Fair, 0 ,House,No,,no,30600000.0
199,"5,799",5.0,6,2,2009,Rawalpindi,Chaklala ,good,1,House,,No,no, 35100000 
134, 1093 , 5 ,5, 1 ,"2,007",Karachi, DHA Phase 6,New,2,House,,Yes,Yes,32200000
41,3161.0,4,3.0,1.0,2015.0,Karachi,Scheme 33,good, 1 ,House,no,,no,30600000
950,2271 sqft,5,4,,"2,011",Karachi,north nazimabad,good, 1 ,Villa,no,yes,Yes,38500000
631,1093 sq ft, 4 ,N/A,2,"1,989",Lahore,Model Town ,excellent,0.0,Villa,No,yes,no,"22,400,000"
211,912,5.0, 6 ,1.0, 2010 ,Karachi,DHA PHASE 8,excellent,0,House,yes,No,Yes, 19200000 
105,2762 sq ft, 2 ,2,3,2018.0,Faisalabad,Madina Town ,good, 2 ,House,no,,Yes,22100000.0
281,2198 sq ft,4,4,1.0,2006,,Malir,good,1.0,House,,Yes,yes,20000000.0
996,"1,327",4.0,5,2, 2015 ,Karachi,scheme 33,Fair,3,Villa,No,,Yes,"15,800,000"
146,561,5,4,3.0,2022,Lahore,DHA Phase 6 ,good,2,House,Yes,,yes,"24,500,000"
794,8626 Sq. Ft.,4.0,4,2.0,1985,Rawalpindi, DHA Phase 2,GOOD,2.0,Villa,Yes,,no,56800000
355,4301,4.0,3.0,1.0,2005.0,Karachi,CLIFTON,good,2,House,No,Yes,No,"70,800,000"
262,897 sqft,2.0,2.0,2.0,1995,Lahore,DHA Phase 5,good,0,House,,,No, 12300000 
106,1450 Sq. Ft., 5 ,4,1.0,1995,Lahore,dha phase 8,GOOD,1.0,Villa,Yes,,yes,"23,700,000"
674,3367 Sq. Ft.,4,4.0, 3 ,"2,011",Karachi,PECHS,good,1,House,,yes,yes,52200000.0
455,4311 sq ft, 3 ,3,1,"1,988",Islamabad,Gulberg Greens ,excellent,1.0,House,,No,No,36300000
546,2379,4,3,1, 2011 ,Karachi,dha phase 7,Fair ,4.0,House,Yes,,, 40500000 
51,3774 sq ft,5.0, 5 ,2, 1994 ,Rawalpindi,bahria town,Fair,1,House,,no,Yes, 26700000 
741,8363,5,4.0, 2 , 2014 ,Karachi,Bahria Town Karachi ,Poor,0,Villa,No,yes,No,54700000
690, 5274 ,4.0,5, 1 , 1985 ,Lahore,Model Town,Good, 2 ,House,YES,yes,yes,61400000.0
647,"1,525",4.0,5, 1 ,"2,010",Rawalpindi,dha phase 2,Excellent,,House,no,,No,18500000.0
895,780.0,4,4.0,1,2013,Karachi,bahria town karachi,Fair ,0,House,,yes,,8300000.0
19,555 sqft, 5 , 6 , 2 , 2007 ,Karachi,Malir ,New, 2 ,Villa,YES,,,11100000
290, 2381 ,4,5, 2 ,"2,021",Lahore,MODEL TOWN,Excellent,2,House,,no,yes,57100000
709,"1,505", 4 ,5.0,2,1989,Islamabad, I-8,New,1.0,Villa,No,,,21400000
556, 856 ,4,,1, 1989 ,Karachi,DHA PHASE 8,Fair,2.0,House,,No,,17600000.0
216, 9447 , 5 ,5,1, 2012 ,Karachi,DHA Phase 8 ,Poor,1,Villa,YES,No,,"139,400,000"
834,1524 sq ft,4.0,4.0,2,1999.0,Islamabad,PWD,Good,2.0,House,,Yes,No,18900000.0
198,3192 sq ft,N/A,5,1,2005,Lahore,Wapda Town ,New,N/A,House,no,,yes,40100000.0
159,2899.0,3.0,4,3,2006.0,Rawalpindi,SATELLITE TOWN,excellent, 1 ,Villa,No,no,,"25,000,000"
459,"8,594", 4 ,3,3,,Lahore, Raiwind Road,Poor,2,House,no,yes,, 55800000 
298,1831 sq ft,3, 3 , 2 , 2004 ,Islamabad,PWD,New,,House,yes,no,Yes,21700000
115,5570 Sq. Ft.,, 5 ,2,2004.0,Islamabad,E-7,Poor, 0 ,Villa,YES,,no,68400000.0
2,1063 Sq. Ft.,2.0,1.0,2,"2,007",Faisalabad, Canal Road,Needs Renovation,1,House,,no,,5900000
665,556,4.0,4.0, 2 , 2007 ,Islamabad, F-7,Fair ,1,House,,Yes,no,"14,400,000"
689,578 sqft,4,4,1,"1,998",Lahore,wapda town,Good,1.0,House,Yes,yes,,6300000
160, 582 ,3,4,1.0,2025,Lahore,Askari 10 ,Fair ,2.0,House,,no,yes,12900000.0
543,1037 Sq. Ft.,6,6.0, 1 , 1996 ,Lahore,MODEL TOWN,good,2,Villa,,,Yes,
13, 1141 , 3 ,4,4,1994,Karachi,SCHEME 33,Poor,3,House,no,Yes,No, 10000000 
36,1379 Sq. Ft.,4.0,3.0,1.0, 2013 ,Karachi,scheme 33,Excellent,2.0,House,Yes,yes,yes,15700000.0
537,1056 Sq. Ft.,4, 3 ,2.0, 2025 ,Karachi,GULSHAN-E-IQBAL,excellent,1.0,Villa,yes,Yes,Yes,22600000.0
783,571 Sq. Ft.,7.0,7,1,2006,Faisalabad,WAPDA CITY,Fair ,1,House,yes,yes,,7900000
491,2321 sqft,3.0, 2 ,, 1999 ,Rawalpindi,askari,GOOD,0,House,,No,No,18600000
390,1103,7,6,1.0, 2007 ,Islamabad,g-11,GOOD, 3 ,Villa,,no,yes,18300000.0
165,4343 Sq. Ft.,3.0,4.0,2,1995.0,Lahore,DHA Phase 5 ,good, 2 ,House,yes,Yes,no,63700000.0
697,5395 sqft,5, 5 ,2,1991.0,Islamabad,i-8,Fair,1,House,yes,,, 54800000 
740,2913,5.0,5.0,1,,Lahore, Gulberg,good,2.0,House,No,Yes,yes,59200000
391, 3652 ,2.0,3.0,1.0, 2009 ,Lahore,Johar Town ,excellent,2,House,Yes,,,41000000.0
963,8419 Sq. Ft.,3, 2 , 1 ,2025,Islamabad,BAHRIA TOWN,Poor,0,Villa,yes,yes,,59900000.0
359,2279,4,5,4,2005,Lahore,Wapda Town ,GOOD,1,House,,yes,, 24000000 
47,2152.0,3,3,1, 2025 ,Rawalpindi,saddar,Good, 2 ,House,,yes,yes,19600000.0
597,0,4,4,2.0,"1,991",Lahore,DHA Phase 5 ,Fair, 2 ,House,No,Yes,Yes,5000000000
836,946 sq ft,4,3.0,2, 2020 ,Faisalabad, Madina Town,Good,2,House,Yes,No,yes,"12,600,000"
863,1207 sqft,5, 5 ,1.0,1986,Lahore,gulberg,excellent, 1 ,Villa,No,No,,19400000
91,8426 Sq. Ft.,4,4.0,2.0,2024.0,Islamabad,G-10,good, 2 ,House,yes,no,,"126,900,000"
361,8494 Sq. Ft., 4 ,5, 2 , 1992 ,Lahore,DHA Phase 5 ,Fair ,0,Villa,No,No,no,84100000.0
549, 1438 , 4 ,3,1.0,"1,987",Lahore,dha phase 6,Fair ,1,Villa,Yes,Yes,No, 26800000 
485,"9,467", 4 ,4,1.0,"2,016",Lahore,GULBERG,Poor, 1 ,House,yes,,No, 132100000 
521,643.0,4, 4 ,1,2010,Karachi,DHA Phase 5,excellent,2,Villa,yes,,yes, 17000000 
418,2506 sq ft,3.0,4,2, 2014 ,Faisalabad,JINNAH COLONY,New,,Villa,no,yes,Yes,14200000
891,944,4,4,1.0,2024,Lahore, State Life Housing Society,Excellent, 1 ,House,,yes,no,"14,700,000"
536,4985 sqft, 3 ,3, 1 ,1987,Islamabad,B-17,Excellent,1,House,YES,yes,Yes, 43100000 
852,2707 Sq. Ft.,5.0,,2.0,2003,Islamabad,g-11,excellent,2,House,,No,, 46600000 
396,2829 sqft,4,5, 1 ,"2,005",Lahore,Bahria Town,New,2,Villa,no,no,no,40000000.0
118,959 Sq. Ft.,2,3,2,2002.0,Islamabad, PWD,Fair ,1.0,House,,,, 10500000 
401,692 Sq. Ft., 3 ,4, 3 , 2002 ,Karachi,dha phase 7,Poor,2,Villa,YES,no,yes,10400000
288,5385 sqft,7,7, 3 ,,Faisalabad,CANAL ROAD,Fair , 1 ,Villa,Yes,yes,,"27,300,000"
40,1348,7,7, 2 ,1992.0,Lahore,state life housing society,Excellent,0,House,,No,,"16,600,000"
213,1158.0, 7 ,6,2,2019.0,Karachi,dha phase 8,Fair , 1 ,House,yes,Yes,No, 36600000 
551,757 sq ft, 4 ,3,1,2020,Karachi,dha phase 8,Good, 1 ,House,yes,yes,yes,21200000
735, 4364 ,4,4.0,2,1995,Lahore,Raiwind Road ,Poor,1.0,Villa,Yes,Yes,yes,13500000
571,4304, 3 , 3 ,1,2016,Lahore, Cantt,GOOD, 1 ,House,no,No,Yes, 70200000 
599,1278 sq ft,1,2,3,"2,012",Lahore,DHA Phase 6,Good,1.0,House,no,No,,31700000
538,3559.0,3,2,3,2018.0,Lahore,BAHRIA TOWN,Needs Renovation,2,House,yes,Yes,Yes,31600000.0
745,2253,4, 5 , 1 ,"1,986",Islamabad,f-6,Fair ,2,House,,,no, 28800000 
656,2289 sq ft,3.0,3,3,1993.0,Karachi,clifton,New, 3 ,House,yes,,Yes,49900000.0
153,3229.0,4,5,2, 1992 ,Karachi,CLIFTON,Poor,1.0,House,Yes,No,,39700000
222,1587.0,3,2,4, 2021 ,Rawalpindi,SATELLITE TOWN,Fair,1,House,No,No,,17600000.0
773,3156 Sq. Ft., 3 , 3 ,2,"2,009",Lahore, Model Town,excellent,1.0,House,Yes,,No,56800000
691, 4655 , 3 ,4,2,N/A,Karachi,Gulistan-e-Johar ,Needs Renovation,1.0,House,No,yes,,24500000.0
845,1379,1,2,2, 2000 ,Islamabad,Bahria Town,Poor,2,House,No,No,No,10400000
292,"1,386",3,4,2, 1989 ,Lahore,RAIWIND ROAD,Good,2,House,,no,No,"11,500,000"
668,"8,585", 4 ,5.0,1.0,2002.0,Karachi,Malir,GOOD,N/A,House,yes,,Yes, 62800000 
700,643,5,5.0,1, 2001 ,Karachi,dha phase 5,excellent,2,House,Yes,,, 16700000 
893,NA,1.0,1, 1 ,2016.0,Rawalpindi,chaklala,Fair,,Villa,no,yes,No,"9,800,000"
832,837,3, 3 ,3, 1988 ,Karachi,DHA Phase 6 ,Good, 2 ,House,,yes,Yes,18400000
838,774 sq ft, 3 ,3, 1 ,1999.0,Lahore, Askari 10,New,2.0,House,Yes,No,, 11400000 
518,785 sqft, 2 ,3.0, 1 , 2003 ,Karachi, DHA Phase 7,GOOD, 2 ,Villa,,no,,16500000
25,"2,522",2, 1 ,2,1993,Karachi,DHA PHASE 7,GOOD,0,House,YES,yes,no,35700000.0
433,1433,3,4,2.0, 2004 ,Lahore,GARDEN TOWN,New,3,House,yes,yes,, 23900000 
221,8877.0,4,5.0,2,"2,021",Karachi,GULSHAN-E-IQBAL,Fair,3.0,House,No,yes,No,"94,700,000"
195,844,6,7.0, 2 ,1990.0,Islamabad, E-7,GOOD,0.0,House,,,,19300000
761,"1,556",2.0,1,2.0,1991,Islamabad,F-6,Needs Renovation,3,House,YES,Yes,No,13700000.0
80,NA, 5 ,4,N/A,1988,N/A, People's Colony,Excellent,1.0,House,Yes,,No,8200000.0
889,6913 Sq. Ft., 6 , 6 ,1, 1994 ,Karachi,DHA Phase 5,New, 0 ,House,,yes,no,106500000.0
457,4353,4.0,,1,"2,003",Karachi,pechs,Needs Renovation,2,House,yes,No,no,30900000.0
431,927 sqft,6.0,5,2,"2,018",Karachi, PECHS,Poor,1,House,,,No,"15,400,000"
368,3349 sqft, 5 , 5 , 2 ,1997.0,Karachi, Scheme 33,New, 0 ,House,yes,yes,Yes, 26400000 
513,1038 Sq. Ft., 1 , 1 ,, 2023 ,Rawalpindi, Askari,good,1.0,House,Yes,Yes,no, 13200000 
395,25000, 4 , 5 ,2, 2019 ,Lahore,BAHRIA TOWN,GOOD, 1 ,House,Yes,yes,no,100000
576,N/A,4,5,1.0,"2,010",Islamabad, PWD,Fair , 2 ,House,,Yes,yes,8200000.0
763,5364 sq ft,3.0, 2 ,1,2019,Islamabad,F-8 ,Poor, 0 ,House,,yes,Yes,79600000
704, 3512 ,3.0,3,2,,,g-10,Fair,0,House,YES,No,yes,36300000
915,6916 sq ft,4,N/A,2,2007,Islamabad,BAHRIA TOWN,Needs Renovation,2.0,House,yes,No,Yes,46300000
297,3604 Sq. Ft., 3 ,3,2,"2,000",Karachi,DHA Phase 8,Poor,2,Villa,YES,yes,No,43500000
43,4995 sq ft,5.0,4.0, 3 ,2023,Islamabad,Gulberg Greens,New,1.0,House,No,,no,
321,1104,4.0,4,1.0, 2017 ,Islamabad, F-6,Fair, 1 ,Villa,Yes,No,,26800000.0
698, 3266 ,2.0,3.0,2,"2,010",Islamabad, Bahria Town,GOOD,0.0,House,YES,,no, 47200000 
447,717.0, 5 ,6, 2 ,"1,997",Karachi,Bahria Town Karachi,Fair,0.0,House,,No,No,9500000
748, 1911 ,3,2.0,4.0,"2,018",Islamabad,F-6,New,,House,yes,No,, 58600000 
1,"2,645",, 3 ,2.0,2019,Karachi,DHA Phase 5 ,Good,2,House,Yes,Yes,No,59300000.0
940,729.0,7,7.0, 2 ,2016,Rawalpindi,Saddar,good,2,Villa,,yes,,11500000.0
628,9406 sq ft,5.0,4,1,1990,Islamabad,gulberg greens,New,1.0,Villa,,Yes,yes,"77,200,000"
324,1314 sq ft,3.0,3, 2 , 2002 ,Karachi,Scheme 33,Poor,3.0,Villa,Yes,,No,11700000.0
244,5191 sqft,5,4,3,,Faisalabad, Canal Road,Fair ,0.0,Villa,YES,,,29500000
946,642.0,5.0,4, 1 ,1986,Faisalabad,Jinnah Colony ,Needs Renovation,2,House,Yes,,No,3300000.0
374,577 sq ft,5, 5 , 1 ,1991,Islamabad,F-6,GOOD,3,Villa,yes,No,,14600000
550,"3,716",3,3,3, 1986 ,Karachi,Clifton ,Poor,1,Villa,,,no,"43,700,000"
77,3156 sqft,5,5.0,3, 1988 ,Islamabad,E-7,Fair ,1,Villa,YES,,No,"58,300,000"
138,5117 Sq. Ft.,6,6,3,1988,Faisalabad,WAPDA CITY,Excellent,2,House,YES,no,No,33600000
421,562 Sq. Ft.,5.0, 5 ,1.0, 2014 ,,dha phase 8,Needs Renovation,2,House,Yes,No,No,10000000.0
124, 1388 ,5.0,5.0,1.0,2015,Islamabad,G-10,Fair,2,House,,yes,,"18,800,000"
441,1258 Sq. Ft.,4,3, 1 , 2005 ,Karachi,dha phase 5,Poor,N/A,House,yes,No,no,"17,400,000"
18, 2697 ,5,6,2,2002.0,Lahore,Garden Town ,GOOD, 0 ,House,No,yes,yes, 31600000 
252,4737 sqft,2,2,1, 2010 ,Lahore,ASKARI 10,New, 2 ,House,Yes,yes,no, 64300000 
420,2817 sq ft,5, 4 , 3 ,"2,012",Lahore,cantt,Good,2,House,yes,,,"69,000,000"
285,3419.0,4,5,2,2008,Islamabad,Bahria Town,GOOD,1,Villa,Yes,No,no,37700000.0
800,5365, 3 ,2,3,2023,Lahore, Cantt,GOOD,1,House,YES,,Yes,102400000.0
528,4405 sqft,6,6,1, 2010 ,Islamabad,b-17,good,2,House,,yes,,41600000.0
178,892,2,1,1.0,"2,024",Lahore,CANTT,Fair,3,House,Yes,yes,,23300000
962,603 sqft, 5 , 4 ,2, 1994 ,Karachi,DHA Phase 7 ,Poor,1,House,no,,,8800000.0
805,6256 sq ft,5, 5 , 1 ,1992.0,Karachi,Bahria Town Karachi ,Needs Renovation,2.0,House,no,Yes,Yes,"31,400,000"
402,756,6.0,7.0,1,"2,018",Rawalpindi,DHA PHASE 2,GOOD,0.0,Villa,no,Yes,yes,14400000.0
125,3132 Sq. Ft.,4,4,,"1,997",Karachi,PECHS,excellent,1,Villa,No,yes,,33000000
509,5266.0,3.0, 4 ,2,1997.0,Lahore,GULBERG,Needs Renovation,3,House,,,yes,43900000.0
367,555,2,2,2.0, 2003 ,Lahore,gulberg,Fair ,2,House,Yes,,yes,14600000.0
322,1835 sqft, 2 ,2, 1 , 2010 ,Islamabad,PWD,good,2,House,No,,No,"18,500,000"
510,2383, 4 ,,3.0, 2014 ,Rawalpindi, Saddar,Fair ,1.0,House,YES,Yes,yes, 18900000 
342,4804.0, 3 ,2.0,1,2014.0,Lahore,Bahria Town,New, 4 ,House,,no,,72800000.0
984,614,3,3, 1 , 1992 ,Karachi,NORTH NAZIMABAD,Needs Renovation,1,House,Yes,,Yes,"4,000,000"
482,573.0, 4 ,N/A,1.0,1995.0,Rawalpindi, Chaklala,Good,0,Villa,yes,,Yes,6000000.0
846,"3,104", 3 ,2.0,1.0, 1996 ,Karachi,Clifton ,excellent,1.0,Villa,Yes,No,No, 58200000 
71,1468 Sq. Ft.,,5.0,3.0,2017,Karachi,dha phase 8,excellent,0.0,House,No,No,no,51000000
261,6409 Sq. Ft.,6, 5 ,1, 2015 ,Lahore, DHA Phase 8,excellent, 1 ,House,Yes,yes,yes,99800000.0
864,,6.0, 5 ,2.0,"2,006",Lahore,DHA Phase 6,Poor,1,House,,No,,"10,000,000"
719, 2881 ,,5, 1 ,2000.0,Rawalpindi,pwd,excellent,2,Villa,No,no,Yes,"18,300,000"
867, 1339 , 4 ,3, 3 ,2011.0,Lahore,Gulberg ,Fair , 0 ,House,No,yes,No,"25,000,000"
358,2200.0,3.0, 3 ,2, 2008 ,Rawalpindi,ADIALA ROAD,Fair ,4.0,House,yes,Yes,Yes, 13500000 
22,1068, 5 , 4 ,1.0, 2012 ,Islamabad,GULBERG GREENS,excellent,0.0,House,Yes,no,no,"18,700,000"
354,4961 sq ft,6.0,6, 1 ,2002.0,Islamabad, DHA Phase 2,good,0,House,No,No,,57300000
793,"1,336", 3 ,2,1.0, 1994 ,Karachi, Malir,Excellent,2,House,yes,No,Yes,12400000.0
94,"4,310",5.0,6.0,1, 1993 ,Lahore,Cantt ,Poor,2.0,House,YES,yes,,"40,200,000"
601, 633 ,2.0,1, 2 ,2017,Lahore,Model Town,Good,0.0,House,,,no,"14,500,000"
78,1706 sq ft,4,4.0,1.0,1985.0,Karachi,pechs,Poor, 3 ,House,,no,No, 14300000 
530, 1424 ,1.0,1,3,2011.0,Karachi,Malir ,Good,1.0,House,No,Yes,No,15600000
498,1453 sqft,3,3,2, 2013 ,Lahore,bahria town,Fair , 3 ,House,Yes,yes,,16800000
37,2389 sq ft,5.0,6.0,3,2020.0,Faisalabad,MADINA TOWN,excellent,0,Villa,Yes,yes,, 20700000 
523,6663 sq ft,6.0,6.0,3.0,2016.0,Karachi,DHA PHASE 8,Good,0,Villa,,yes,,125000000
730,5628 Sq. Ft.,3.0,4,1,,Lahore,wapda town,Fair,N/A,House,No,,,33400000.0
329,1079.0,1,1,2,2008.0,Faisalabad,MADINA TOWN,excellent,0,House,,No,no,9000000
135,7068 Sq. Ft.,4,4,3.0, 1985 ,Karachi,dha phase 6,Fair ,2,Villa,,,no,94300000.0
90,"1,382", 6 ,6, 2 ,"2,020",Karachi,scheme 33,Fair,1,Villa,no,No,no,"20,600,000"
382,719 sqft,3.0,4.0,2.0,2009.0,Islamabad,F-7 ,good,1,House,No,no,No,17800000.0
381,3687 sqft,5.0,4,1, 2011 ,Karachi,Clifton ,Needs Renovation,1,House,No,No,,50700000
968,6850 sqft,5, 5 ,3.0,2008,Faisalabad,wapda city,Excellent, 1 ,House,yes,yes,,44700000.0
636,1392 Sq. Ft.,3.0,2.0,2,"2,012",Karachi,DHA Phase 5,Needs Renovation, 1 ,House,Yes,no,yes,"18,200,000"
608,849 Sq. Ft., 6 ,7.0,3,2004,Lahore,state life housing society,Fair ,0.0,House,no,yes,, 12300000 
81,1096,6,6,1,2024,Rawalpindi, Satellite Town,Fair , 1 ,House,yes,no,Yes, 13700000 
73,6307 sqft,2,2.0, 2 ,2016,Lahore, State Life Housing Society,Good,3,Villa,,Yes,no,52900000.0
313,4731,5,,2,"2,019",Karachi,dha phase 7,Fair ,1,House,,No,,98600000
403, 1382 ,3.0, 4 ,1,"2,011",Faisalabad,Jinnah Colony,Fair,1,House,Yes,yes,,7900000.0
350,4603.0,5, 6 ,1.0,"2,025",Lahore,garden town,good,4,House,no,yes,,60400000
307,878, 5 ,5,3.0,2021,Karachi, North Nazimabad,Needs Renovation,0,House,no,,,13700000
971,5471,4,5,1,2011.0,Lahore,Askari 10 ,Needs Renovation, 1 ,House,,Yes,,44500000
676,3408.0,3,3.0,1.0,2025,Karachi,north nazimabad,good,1,Villa,,,No,48400000
156,"3,682",6, 7 ,2,2022.0,Karachi,dha phase 8,Excellent,1,House,Yes,no,,121400000.0
861,763 sqft, 2 ,2,1, 1999 ,Lahore,DHA PHASE 5,Excellent,4,Villa,YES,,no,14800000
786,967 sq ft,4,3,2, 2022 ,Karachi, DHA Phase 6,Good,2,Villa,,Yes,No, 30500000 
874,865,2, 2 , 2 ,N/A,Karachi,gulistan-e-johar,GOOD, 2 ,Villa,,Yes,,"11,200,000"
274, 617 ,2.0,2, 3 ,2013,Karachi,MALIR,Excellent,1,House,,yes,,N/A
792,6676.0,6.0,6, 3 , 1989 ,Lahore,DHA Phase 5 ,New, 2 ,House,,Yes,yes, 82600000 
56,8599 sq ft,3, 3 ,1.0, 1988 ,Islamabad, DHA Phase 2,excellent,1,House,no,no,,92600000.0
511,"9,681",4.0,5, 2 ,2005,Faisalabad,JINNAH COLONY,Good,,House,yes,Yes,Yes,40700000.0
548,1405 Sq. Ft.,1,1.0, 4 ,"2,021",Karachi,pechs,Excellent,2,House,No,No,No,29600000.0
790,1315 Sq. Ft., 5 , 5 ,1.0,"2,018",, Satellite Town,good,1,Villa,YES,,No, 17000000 
366,1069 sq ft,4.0,5,2.0,2007.0,Islamabad,bahria town,New,,House,no,,No,18300000
918,900 sq ft,4.0,5.0,4, 2009 ,Karachi,Scheme 33,Needs Renovation, 0 ,House,,no,no,"9,500,000"
92,1546 sq ft, 4 , 5 , 1 ,1996,Lahore,garden town,excellent,2,House,,yes,Yes,15200000.0
500,1132 sqft, 6 , 6 ,N/A, 1986 ,Islamabad, E-7,New,0.0,House,,,Yes, 22600000 
30,1399 Sq. Ft.,6,7,3,"2,016",Lahore,Bahria Town ,Good,0.0,House,,No,yes,27900000.0
99,4812.0,3,4.0,1,1993.0,Karachi,Bahria Town Karachi ,Poor,1,House,No,,,30300000
335,2319 sq ft,4,5,2,2016,Islamabad,Gulberg Greens ,Fair , 2 ,House,no,Yes,,21700000
136,5035 Sq. Ft.,4,4,3.0,2020.0,Rawalpindi,SATELLITE TOWN,excellent, 2 ,House,No,No,,38200000.0
727,4389 sqft,3.0,3.0,3.0,2015,Karachi,gulistan-e-johar,good,0,Villa,YES,yes,,51300000
870,"6,653",3,4.0,1, 1995 ,Karachi,DHA Phase 6 ,Needs Renovation, 0 ,House,Yes,yes,Yes,60100000
50,5297 sqft,2,1.0, 1 ,"2,009",Faisalabad,Jinnah Colony,excellent,2.0,House,,,no,25500000
757, 4978 ,6.0, 5 ,1,1996,Faisalabad,Satiana Road,Fair, 0 ,House,,no,,13400000
75,4169.0, 3 ,3,3,"1,992",Lahore,Johar Town,Excellent,2,Villa,YES,Yes,No,46200000.0
332,849 sq ft,3,,2.0, 2013 ,Islamabad,PWD,Fair,1,Villa,No,No,Yes,
46,4683 Sq. Ft.,2,1, 2 ,2014.0,Karachi,DHA PHASE 8,Good,3,Villa,YES,no,, 89000000 
823,781,4,4, 2 ,N/A,Lahore,gulberg,GOOD,1.0,House,YES,yes,no,14500000
808,949 sq ft,4.0,3.0, 1 ,1988.0,Karachi,Scheme 33,excellent,2.0,House,yes,No,No, 8300000 
894,3064,4,5,2.0,"2,005",Karachi,DHA Phase 6,Good,2,House,yes,No,No,64200000
806,3263,5.0,5.0, 1 ,"1,990",Karachi,BAHRIA TOWN KARACHI,Good,2.0,House,,,, 29500000 
856, 897 ,4,5,2,"1,991",Lahore,DHA PHASE 8,GOOD,2,House,No,,no,18600000.0
470,1561.0, 3 ,,3,1988.0,Rawalpindi,askari,good,1,House,YES,Yes,No,12200000.0
331, 877 ,,4,1,2010,Rawalpindi, Chaklala,Good,2,House,,Yes,,11300000
384,590.0,2,2,3.0, 1996 ,Lahore, Garden Town,GOOD,1.0,Villa,Yes,no,Yes, 8700000 
921,3217 sqft, 4 ,3,1,2010,N/A,Garden Town,good,1.0,Villa,No,,No,30400000
584,N/A, 3 ,3.0,1.0,"1,998",Islamabad,B-17 ,Fair,1,House,,no,no,9200000
649,7241.0,5, 6 ,1, 1991 ,Karachi, Gulshan-e-Iqbal,good,2.0,House,,Yes,yes,59600000.0
23,"2,419",5.0,6, 1 ,"2,016",Lahore,Johar Town ,excellent, 1 ,House,yes,yes,yes,33600000
260,"1,169",5,6, 2 , 1992 ,Lahore,dha phase 7,Good,2,House,,,Yes,19000000.0
985, 1447 , 5 ,5.0,3,"2,010",Karachi,Gulistan-e-Johar,Excellent,0.0,House,no,,,25600000.0
952,952 sqft,4,3,2.0,"1,997",Karachi,Bahria Town Karachi ,Fair ,0,House,,no,No,6800000
157,1787 Sq. Ft.,6.0,6,1, 1997 ,Islamabad,g-11,GOOD,2,House,,No,yes,25700000.0
184,704.0, 4 ,5.0,2.0, 1987 ,Karachi,PECHS,Poor,2,Villa,,Yes,,"9,900,000"
104,2910,N/A,5,2, 2022 ,Lahore, Askari 10,GOOD,4.0,House,,,No,"60,700,000"
318,3049.0,3,4,2, 1999 ,Karachi,PECHS,New,2,House,yes,no,yes, 32300000 
434, 3331 ,4,4,1,"1,991",Faisalabad,WAPDA CITY,Poor,1,House,yes,,no, 12800000 
236,3434,2.0,1,1,2008.0,Karachi, Clifton,excellent,2,House,,,yes,80800000
186,3370 Sq. Ft.,4,4,1,1994.0,Lahore, DHA Phase 7,Fair,,House,no,yes,yes,48800000
943,5209 sq ft, 3 ,4.0,3.0,2009.0,Islamabad,B-17 ,Poor,3.0,Villa,YES,yes,,39500000.0
214,1480 Sq. Ft.,3,2, 2 , 1992 ,Lahore,WAPDA TOWN,Good,3,Villa,YES,,yes, 17500000 
898,8929.0,N/A,4, 2 ,"2,019",Rawalpindi,PWD,Poor, 1 ,House,no,,,42600000
928,"2,619",2, 2 ,1.0,1989,Lahore,askari 10,New,2.0,Villa,No,Yes,,35700000
816,5824 sq ft,2,2.0,3,"1,985",Karachi,clifton,New,2,House,No,no,no,87800000
349,5015 Sq. Ft.,6, 7 ,1,2008.0,Faisalabad, Wapda City,Poor,2.0,House,,yes,yes, 23200000 
754,4807.0, 4 , 4 ,1.0, 2006 ,Lahore,Bahria Town ,excellent,2.0,House,Yes,yes,Yes,57800000.0
239,1596 sq ft,6,6.0, 2 ,1998,Islamabad,dha phase 2,GOOD, 1 ,Villa,YES,,,22700000.0
841,"3,063",4.0,4,3, 1989 ,Lahore,DHA PHASE 5,New, 3 ,House,no,,,47900000.0
833,2734 Sq. Ft.,3,3,1.0, 2015 ,Lahore, Bahria Town,Needs Renovation,2,House,,No,no,30600000.0
253,5134 Sq. Ft.,2,2.0, 4 ,1999,Lahore, Garden Town,Fair,3,House,yes,no,no, 34400000 
913,3037 Sq. Ft.,4, 4 ,3, 2018 ,Lahore,DHA Phase 5,Poor,2,House,no,,yes, 45500000 
101, 3769 ,4,3,1,2012.0,Faisalabad,Madina Town,Poor,0.0,House,no,Yes,no,"21,400,000"
524,3036 Sq. Ft.,4,5,1.0, 2022 ,Islamabad,dha phase 2,New,2.0,House,Yes,No,,"71,000,000"
848,2737 sq ft,4.0, 5 ,3.0, 2008 ,Karachi,DHA PHASE 6,Poor,3.0,House,YES,no,no, 34600000 
931,1498,5.0,6,1.0,1985.0,Islamabad,E-7,Good,N/A,House,,yes,yes, 29400000 
468,806 sqft,5.0, 6 ,1.0,1999.0,Karachi,GULISTAN-E-JOHAR,Good,2,House,No,no,Yes,"10,800,000"
343,774, 5 ,5.0, 2 ,"2,020",Lahore,Garden Town,Excellent, 1 ,House,yes,no,No,"17,700,000"
228,1541,N/A, 4 ,3,"2,004",Karachi,dha phase 6,New,2,House,Yes,,,45200000
842,3009 Sq. Ft.,1, 1 ,1,2013,Rawalpindi,Bahria Town ,GOOD,2,Villa,Yes,,No, 25700000 
572,925,5.0,5, 1 ,2018,Faisalabad,gulberg colony,Fair ,1,House,No,No,no,"9,500,000"
481,1864 sq ft,5,6,2.0,"1,996",,state life housing society,GOOD,1.0,House,no,No,,16100000.0
526,861 sqft,5.0,4.0,1,2012.0,Lahore,dha phase 6,GOOD,3,House,Yes,Yes,no,21400000
179,2610 Sq. Ft.,2, 1 ,1, 2002 ,Lahore, Askari 10,excellent,3,House,yes,,no,43900000.0
356, 853 ,4,5.0,2,2012.0,Karachi,MALIR,excellent,N/A,House,No,Yes,no, 13700000 
706,708 sqft,3.0,2.0,2.0,2025.0,Lahore, DHA Phase 6,Excellent, 1 ,House,yes,no,no,18300000.0
188,1577.0,6,6.0, 3 ,"1,990",Karachi,Bahria Town Karachi,New,1,Villa,,Yes,no,21300000
605,2713 sqft, 4 , 4 , 1 ,1989,Karachi,Malir ,excellent, 2 ,House,yes,,, 21500000 
688,1366.0, 4 ,3,1,2011.0,Karachi,dha phase 7,Poor,0,House,yes,,, 20500000 
218, 3089 ,4,4.0,2, 2024 ,Islamabad,F-6,Fair ,2.0,House,,,Yes,64700000
328,"1,454",4,3,3,2017.0,Lahore,DHA Phase 5 ,GOOD,2.0,House,yes,No,yes,34300000
284,8511,5.0, 6 ,2.0,2022,Islamabad,pwd,good,2,House,No,No,No,81100000.0
956,2854 sqft,4, 3 ,2,1985,Karachi,SCHEME 33,excellent, 2 ,House,,,,26400000.0
602,794 sq ft,4.0,4.0,2,"2,011",Karachi,Gulshan-e-Iqbal,GOOD,0,House,no,,No,N/A
410,609 sq ft,5, 4 ,1,2008.0,Lahore,faisal town,GOOD,0,House,yes,,,"9,200,000"
810, 2703 ,3, 2 ,3, 1991 ,Karachi,pechs,Needs Renovation,1,House,YES,yes,no,"26,500,000"
844,1777 sq ft,1,1,1,"1,997",Lahore,CANTT,Excellent,,Villa,,yes,,30800000
909,3839,6.0,6.0,2,2012,Islamabad, G-10,Excellent, 2 ,House,YES,No,yes,"50,800,000"
858,899 Sq. Ft.,3,2.0,1,2025,Rawalpindi,CHAKLALA,GOOD,1,House,,no,Yes, 11200000 
202,3398 sq ft,5,5.0,1.0,2015.0,Karachi,BAHRIA TOWN KARACHI,Needs Renovation,,House,,yes,,"30,000,000"
637, 2651 ,3,4.0,2.0, 2011 ,Islamabad,Bahria Town,Good,3,House,no,No,yes,30600000.0
231,1504.0,6.0, 5 ,4,1991.0,Lahore,Bahria Town,Poor,3,Villa,yes,,, 15600000 
585,1067 sq ft,5.0,6, 2 ,2023.0,Lahore,Model Town ,Fair, 2 ,House,yes,yes,No, 27900000 
903,2839 Sq. Ft.,5.0,6,2.0,2012.0,Faisalabad,SATIANA ROAD,Fair, 1 ,Villa,yes,No,no, 17500000 
373, 952 , 3 , 3 ,2,2021.0,Karachi,PECHS,excellent,1.0,House,yes,,yes,21800000.0
454,4671 sq ft, 4 ,5,3,,Faisalabad,Madina Town,excellent, 2 ,Villa,,no,, 19900000 
444,NA,3,4.0,3.0,2011.0,Karachi,DHA Phase 8,Fair,1,House,,,No,56500000.0
753,6659.0, 4 ,4,1, 2013 ,Rawalpindi,BAHRIA TOWN,good, 2 ,House,no,Yes,, 49300000 
63,5214,3, 3 ,3,2021,Lahore,MODEL TOWN,excellent, 1 ,House,no,,no, 105400000 
768,3679,4,N/A, 2 ,"2,018",Lahore, Wapda Town,Poor,2,House,,yes,,35100000.0
791,,4,4,2,2012,Karachi,NORTH NAZIMABAD,Excellent,1,House,yes,,No,116200000
742,4227 Sq. Ft.,3,3, 1 ,1996,Lahore,DHA Phase 7 ,Poor,3,House,,no,Yes,"37,700,000"
148,4947.0,,2,2.0,"2,009",Lahore,Garden Town ,Poor,2,House,,yes,no, 35600000 
910,2320,4.0,5,1,1993,Islamabad,e-7,Good, 2 ,Villa,yes,no,,45600000
505, 4213 ,,5,1.0,1996,Karachi, North Nazimabad,Needs Renovation,1,House,No,No,No,"29,200,000"
635, 4532 , 1 ,1,1, 2007 ,Faisalabad,Satiana Road,Fair ,2,House,Yes,Yes,,"12,200,000"
411,2589.0, 2 ,2.0,2.0,"2,007",Lahore,Johar Town ,Fair , 1 ,House,Yes,,no,19700000
128,9032,5,5,2,"2,025",Lahore,bahria town,Excellent,1,House,,,yes, 126700000 
255,"1,056",4.0,3.0, 1 ,1992,Lahore,Garden Town ,Excellent,1,Villa,no,,no,10300000
955,4938,5,4, 1 , 2018 ,Rawalpindi,adiala road,Fair, 1 ,House,No,,Yes, 27700000 
181,7064 Sq. Ft., 4 ,4,2,2022,Rawalpindi,Saddar ,Fair ,2,House,,No,yes,39600000.0
291,N/A,4,3,2, 1998 ,Lahore,RAIWIND ROAD,GOOD, 1 ,House,yes,Yes,Yes, 21800000 
732,2971.0,4.0,3,3,"2,020",Karachi,Gulshan-e-Iqbal ,good,1,House,no,No,Yes,45800000
54,741 sq ft, 3 ,4,1.0,2016,Lahore,DHA Phase 6 ,Needs Renovation, 2 ,House,,No,yes, 11600000 
675,2753 Sq. Ft.,5,5.0,1,2020,Lahore,Faisal Town ,Fair, 0 ,House,YES,yes,,"39,700,000"
267,1502 Sq. Ft., 5 ,6, 1 , 2020 ,Rawalpindi, Chaklala,excellent,0.0,House,no,no,, 17400000 
326, 904 ,6.0, 6 ,2,"2,023",Lahore,Model Town,Good,0,House,No,,no,30600000.0
819,1361 sq ft,3.0,2.0, 1 ,2019.0,Karachi,North Nazimabad,Excellent, 2 ,House,no,Yes,no,27200000.0
723, 1588 , 4 ,N/A,2,"2,024",Karachi, DHA Phase 8,Excellent,0,House,no,,no,"56,300,000"
756,,4,3,2.0,2014.0,Lahore,Garden Town,excellent, 2 ,Villa,no,,Yes,"18,100,000"
835,,5.0,4.0,3, 1998 ,Karachi,bahria town karachi,New,1,Villa,,no,, 45600000 
501,783.0, 4 , 4 , 1 ,2015,Lahore,JOHAR TOWN,good,2,House,no,,,13000000
516, 2914 , 5 ,5,1,2004,Lahore,model town,Fair,2,House,,Yes,,"43,100,000"
463,1456 sq ft,4.0,4,3,"1,996",Faisalabad,People's Colony,Fair , 0 ,Villa,Yes,,Yes,"10,000,000"
150,2086 sqft,5, 5 ,2, 1996 ,Rawalpindi, Satellite Town,Needs Renovation,2,House,No,,,13000000
825,"1,744", 1 ,1.0, 3 ,2005.0,Karachi,dha phase 7,Fair , 3 ,House,Yes,,no,28300000.0
320,,6.0,6, 3 ,1992,Islamabad,F-7 ,New,1.0,House,yes,No,Yes,75000000
661,1395 sqft,3,4,2.0, 1993 ,Karachi,Malir,Needs Renovation,1,House,no,No,No,
70,3265 sqft,5, 4 ,1, 2023 ,Faisalabad, Satiana Road,Good,3,House,yes,no,,
417,4624 sq ft, 5 , 4 ,2.0,"2,010",Lahore,DHA Phase 7 ,good, 2 ,House,no,yes,,78600000
465,3014,6.0,7,2,2009,Islamabad, E-7,Good,1,Villa,Yes,yes,,65500000
308,-500, 3 ,3.0, 3 ,"2,012",Rawalpindi,Adiala Road,excellent,2,House,YES,,,9999999999
443,2930,5.0,6.0,3,2004,Lahore,Gulberg,Poor,4,House,,,no, 42700000 
57,6339 sqft, 4 ,5,1, 2013 ,Karachi,Clifton,excellent,1,House,YES,no,yes,140500000.0
652,1685,1,1,1,2023,Islamabad,I-8 ,Poor,3,Villa,no,no,yes, 24500000 
721,"1,430",,6, 1 ,1995.0,Lahore,bahria town,Poor,3,House,,,yes,12500000.0
39,4687 sqft,4,4,1,"2,002",Islamabad,Gulberg Greens ,Poor,3,Villa,Yes,,No,"39,400,000"
589,586 Sq. Ft.,6,6,2.0,2016.0,Lahore, Model Town,Fair,1.0,Villa,yes,Yes,,13100000.0
17, 1389 , 4 ,3.0, 3 , 1991 ,Islamabad,E-7,good, 1 ,Villa,Yes,,No, 25700000 
577, 1212 ,5,6.0,2.0,1989,Karachi, North Nazimabad,Fair ,2,House,Yes,,No,12300000
620,5094 Sq. Ft.,7,6.0,2,2019.0,Islamabad,g-10,Excellent, 0 ,Villa,no,,no,"98,100,000"
147,1348 sqft,5.0, 6 ,3,1987.0,Islamabad,f-8,Poor,2.0,House,Yes,yes,yes,16000000.0
208,5096 Sq. Ft.,5.0,4,2.0, 1985 ,Islamabad,I-8,good,3.0,Villa,Yes,,,"61,800,000"
737,5521 sq ft,4,4.0,1,2001,Islamabad, B-17,New,1,House,yes,,No,"56,700,000"
44,600 Sq. Ft.,3,3.0,2,"2,010",Faisalabad, Canal Road,Good,0,House,Yes,,,7400000.0
11,2234 sq ft,3,3,2,"2,019",Faisalabad,People's Colony,New,2,House,,,yes,18700000.0
333,4783,5,4,2.0, 1992 ,Karachi,DHA PHASE 8,Poor,0.0,House,yes,Yes,,67500000.0
413,4657, 4 ,5,2.0,"2,004",Rawalpindi,ASKARI,Excellent,4,House,,,Yes,45100000.0
169,1096 sq ft,2.0, 2 ,1.0, 2020 ,Lahore,WAPDA TOWN,excellent,2,Villa,,No,Yes,19000000.0
799,800.0,3,3,3.0, 2019 ,,F-8 ,Fair , 1 ,House,,,,"23,000,000"
747,4519,5,5.0,2,2015,Karachi,Gulistan-e-Johar ,Excellent, 1 ,Villa,,,yes,"49,800,000"
477,637 sq ft,6,6.0,3, 1990 ,Karachi,north nazimabad,excellent,N/A,House,YES,yes,,"13,700,000"
309,1046.0,3,4,2, 1998 ,Islamabad,pwd,GOOD,1,Villa,Yes,yes,No, 11800000 
760, 728 , 2 ,3.0,N/A,N/A,Karachi,GULISTAN-E-JOHAR,good,2,House,no,No,, 12300000 
857,2965 sq ft,6.0, 5 ,1,"2,018",Lahore,DHA Phase 7 ,Fair , 2 ,House,yes,Yes,Yes,57000000.0
788, 779 ,3.0, 4 ,2, 2013 ,Karachi,GULISTAN-E-JOHAR,Excellent,0.0,House,No,no,yes,"16,500,000"
442, 1864 ,5.0,4,1.0,1996,Islamabad,E-7 ,Fair ,3,House,No,No,Yes,
171,1053.0, 2 ,1.0,1,1993,Islamabad,G-11 ,Fair,,House,Yes,no,No,11700000
173,1456 Sq. Ft., 5 , 6 ,2.0,"1,995",Karachi,DHA PHASE 6,Fair ,4.0,Villa,yes,yes,, 26600000 
619, 642 , 5 ,6,1,1996,Lahore, DHA Phase 5,Good,1.0,House,No,no,no,12600000
21, 1309 ,3,4,2.0, 2021 ,Lahore,DHA Phase 5,Poor,1,House,,yes,No,"29,700,000"
907, 607 ,2,2.0,1, 2007 ,,Wapda Town,Good,1,House,,,, 8400000 
256,8804,4, 4 , 2 ,,Rawalpindi,Chaklala,Fair ,1,House,,no,No, 68300000 
362,809, 4 ,3,1.0,"1,988",Islamabad,F-7 ,Excellent,2.0,House,Yes,,Yes,17400000.0
85,3365 Sq. Ft.,5.0,4, 1 ,2009.0,Islamabad,f-7,Good,2,House,YES,,No,"58,900,000"
868,1395 Sq. Ft.,3.0, 3 ,3.0,1996.0,Lahore,bahria town,Poor,1,House,,Yes,yes, 12300000 
489,1188 sqft,6.0, 7 , 1 , 2023 ,Islamabad,G-11,GOOD,1,House,yes,Yes,Yes,28100000.0
877,596 Sq. Ft.,5.0,5.0,1,2012.0,Karachi,scheme 33,good,1.0,Villa,no,No,yes, 10200000 
493,4726.0,3.0,2,1.0,1991,Karachi,Scheme 33 ,Poor,1,House,,,,22200000.0
922,4978 sqft,3,, 3 ,"2,009",Karachi,dha phase 8,excellent,1,Villa,YES,,no,107400000
931,1498,5.0,6,1.0,1985.0,Islamabad,E-7,Good,N/A,House,,yes,yes, 29400000 
701,6399 Sq. Ft.,5,,1,"1,998",Lahore,Raiwind Road ,Excellent,2.0,Villa,,,no,35900000
428,"9,060",5.0,,1.0,"2,013",Islamabad,pwd,excellent,2.0,House,YES,yes,, 85600000 
632,625,5, 5 ,3,"1,989",Faisalabad,Gulberg Colony,GOOD, 1 ,House,Yes,no,no, 8200000 
331, 877 ,,4,1,2010,Rawalpindi, Chaklala,Good,2,House,,Yes,,11300000
781,1732 Sq. Ft.,3,2,2,2010.0,Lahore,Model Town ,Fair,2,House,no,No,,"30,000,000"
957,2610 Sq. Ft.,5,6, 3 ,,Islamabad,F-8,Needs Renovation,1,House,yes,No,,"31,100,000"
780,9380 Sq. Ft.,5.0,6, 1 , 1995 ,Rawalpindi,ADIALA ROAD,Fair ,2,Villa,no,Yes,, 30400000 
813,1532,5, 6 , 4 ,,Lahore, DHA Phase 7,Fair,N/A,Villa,no,No,No,"21,700,000"
249,4232 Sq. Ft., 6 ,6, 3 ,"2,001",Islamabad,G-10,Needs Renovation,2,House,YES,yes,no,32100000.0
653,1795.0, 2 ,1,1.0, 2019 ,Rawalpindi,satellite town,New, 0 ,Villa,no,No,No,16700000
552,2635.0,7,7,1,1985.0,Islamabad,gulberg greens,Excellent,2,House,,,Yes,28600000.0
590,736,3,2,2,"2,014",Lahore,faisal town,good,3,House,,Yes,no,12800000
162,3249 sqft,5.0,6, 1 ,2013,Lahore,gulberg,excellent, 2 ,Villa,no,No,No,67700000
168,1174.0, 3 ,4,1, 1995 ,Rawalpindi,Chaklala ,New,2.0,Villa,,No,Yes,9700000
381,3687 sqft,5.0,4,1, 2011 ,Karachi,Clifton ,Needs Renovation,1,House,No,No,,50700000
821,1758,3,4,3.0,2012.0,Lahore,State Life Housing Society,Excellent,2,House,,yes,no, 25000000 
460,954 sqft,6.0, 6 ,2.0,1986,Lahore,Gulberg ,Needs Renovation,1.0,House,no,No,,11200000
280,2275, 4 ,3.0,2.0, 1997 ,Karachi, DHA Phase 5,Poor,2,House,,Yes,yes,24800000
755,7031.0,2,3.0,2, 2014 ,Karachi,Gulistan-e-Johar ,GOOD,2,House,yes,No,no,"74,300,000"
541,577 sq ft,6, 7 ,2,2001,Karachi,north nazimabad,Fair,2,House,,No,No,11000000
869,1597.0,3.0,2,1,1998,Lahore,bahria town,Poor,2,House,,,yes, 12600000 
338,5314,6, 6 , 4 ,"2,018",Islamabad,e-7,good,4.0,House,,No,no,"146,900,000"
223, 3780 ,4, 4 ,2,2003,Karachi,PECHS,Needs Renovation,2,Villa,yes,,Yes,"42,400,000"
976,"4,944",6.0, 6 ,1,2008.0,Islamabad, F-7,Needs Renovation, 2 ,House,,,,86200000
817,2105 sqft,3.0,2, 2 , 1996 ,Karachi,GULSHAN-E-IQBAL,GOOD,1,House,No,No,,"25,200,000"
626,3229, 7 ,7,2,"1,993",Karachi,DHA Phase 5,GOOD,0,Villa,,No,yes,"60,400,000"
994,5057 sq ft,5,5.0,1.0,2020,Rawalpindi,Bahria Town ,excellent, 1 ,Villa,,yes,No,44600000.0
273, 563 ,6,6, 2 ,1985.0,Faisalabad, Canal Road,Needs Renovation, 1 ,House,,No,no,5300000.0
535, 640 , 6 , 5 ,4, 1995 ,Lahore, Bahria Town,Fair,1,House,no,,yes,"12,800,000"
883,634,2,2,1,1992,Islamabad,Gulberg Greens ,GOOD, 1 ,House,YES,Yes,No,6500000.0
650,1442.0,3,4, 1 ,"1,988",Lahore,wapda town,Fair,2,House,YES,No,,12700000.0
12,902,4,4,1.0,"2,006",Rawalpindi, Bahria Town,Fair,2,House,No,,no,9800000
14,2131 sqft,1,1.0,2.0, 2002 ,Karachi,DHA Phase 8 ,Good,3.0,House,yes,,,45400000
807,"5,254", 1 ,,1,2011.0,Islamabad,i-8,Fair,,Villa,Yes,no,Yes,61700000
965,725 sqft,4,4.0,2.0,"2,017",Lahore,ASKARI 10,Fair,0,House,no,No,Yes, 14700000 
432,748 sqft,3,2, 1 ,"1,992",Islamabad, F-7,GOOD, 0 ,House,Yes,,,15300000.0
337,1281 sqft,5,6,2, 2018 ,,adiala road,New, 1 ,House,no,,,16700000.0
504,"9,622",3,4.0,1.0,"2,018",Karachi,North Nazimabad ,excellent,2,House,no,no,Yes,"113,300,000"
128,9032,5,5,2,"2,025",Lahore,bahria town,Excellent,1,House,,,yes, 126700000 
966,5009 sq ft,, 3 ,3.0, 2025 ,Karachi,Clifton ,Fair , 4 ,House,Yes,No,No,95200000.0
319,"1,169",4,4,3,1985.0,Lahore,Johar Town ,good,2.0,House,No,,, 11700000 
406,5542,4.0,5,2,"2,001",Rawalpindi,SATELLITE TOWN,Good,2,Villa,,yes,No,45800000.0
187,"8,401",4,5.0,1,2023.0,Lahore,faisal town,Excellent,1,House,YES,,, 95100000 
840,8492 sqft,5.0,6,3.0,2001.0,Lahore,dha phase 7,Good, 1 ,House,Yes,No,,"135,200,000"
189,3253 Sq. Ft.,4,4,1,,Karachi, Malir,Needs Renovation,1,House,YES,,no,"26,100,000"
472,2150 sqft,5, 5 ,1,2025,Islamabad,PWD,GOOD,1.0,House,no,,yes, 28700000 
980,1837 sq ft,3,3,1,"1,989",Islamabad,g-11,Good, 2 ,House,Yes,No,no,19300000
117,9445 sq ft, 4 ,4,2, 1990 ,Faisalabad,Jinnah Colony ,good, 3 ,House,YES,,,"34,400,000"
728, 1577 ,5, 6 ,4,2003.0,Karachi,DHA Phase 6 ,Needs Renovation,2.0,Villa,yes,no,,N/A
112,5051,5.0,6, 2 ,1996,Faisalabad, Jinnah Colony,Fair ,2.0,House,No,,,"21,600,000"
248,"2,116",4, 4 , 4 ,2023.0,Lahore,Gulberg ,Excellent, 0 ,Villa,yes,no,,58000000
478,604.0,4.0,4,1,2000,Lahore, Bahria Town,New,1,Villa,yes,Yes,yes, 10900000 
152,634 sqft,5.0, 4 ,2.0, 1992 ,Islamabad,e-7,Fair , 0 ,House,,yes,no, 17000000 
341,3322 sq ft,4, 4 ,1,2008.0,Faisalabad,gulberg colony,Needs Renovation,3,Villa,Yes,,, 15200000 
696,1155 Sq. Ft., 5 ,5,1.0, 1989 ,Lahore,Raiwind Road,Needs Renovation,0,Villa,no,Yes,no,"5,800,000"
103,,6,5,2,2011.0,Islamabad,F-8 ,Poor,1.0,Villa,,yes,yes, 22200000 
61,2899.0,3.0,3,1,2004.0,Rawalpindi,DHA Phase 2 ,Needs Renovation, 2 ,House,YES,,No,17500000
1000,1393.0,1, 1 ,2.0,"2,021",Faisalabad,jinnah colony,Fair,0.0,House,YES,,,9100000
851,0,4,4.0,2,1985,Islamabad,I-8,Good, 1 ,Villa,,no,,100000
275,9416.0,3,3.0,2,2021.0,Lahore,WAPDA TOWN,Needs Renovation, 2 ,House,YES,No,,
736,702.0,2,2,1, 2001 ,Rawalpindi,dha phase 2,good,1,House,Yes,No,,7800000.0
87,4662 sqft,2, 2 ,2,"2,019",Rawalpindi,ADIALA ROAD,Fair,2,House,,no,, 28600000 
779, 8530 , 4 ,4.0,1, 2010 ,Lahore, Model Town,GOOD, 2 ,House,YES,No,No,129600000.0
610,1191 sq ft,3, 2 , 2 , 2012 ,Islamabad, PWD,Good,1,House,no,,, 16200000 
55,945 sqft, 3 ,2, 2 ,"2,006",Karachi, Gulshan-e-Iqbal,Fair,0,House,,,No,7800000.0
237,6357.0,4,5,2,2011.0,Karachi, DHA Phase 5,New,0.0,Villa,YES,Yes,yes, 112200000 
614,2774,1,2, 2 ,"1,989",Rawalpindi,ASKARI,GOOD,2,Villa,,Yes,, 22000000 
801,1423 Sq. Ft.,5, 6 , 1 ,"2,006",Lahore, Garden Town,Fair ,1.0,House,YES,Yes,yes, 18200000 
423,9271.0,7, 8 ,3.0, 1993 ,Karachi,Clifton,good,2.0,House,Yes,no,No,114700000.0
227, 5792 ,5,6, 4 ,1992.0,Karachi,bahria town karachi,excellent,2.0,House,,yes,No,42200000
34,5022 Sq. Ft.,4, 4 ,1,1990.0,Islamabad,E-7,Needs Renovation,3.0,House,no,,No, 62300000 
158,8835 sqft,3,3, 2 ,2021,Rawalpindi, Askari,Fair,,Villa,no,,Yes,68400000
609,1940 sqft,4, 3 ,1, 2010 ,Karachi,DHA Phase 7 ,Good, 2 ,House,No,,no,39400000
268, 6693 ,5,4,3,"1,986",Islamabad,F-6,Needs Renovation,2.0,House,YES,,Yes,"68,400,000"
375,1534 sqft,3,4,2,2025,Karachi,dha phase 5,Needs Renovation,2,House,yes,no,no,28700000.0
953,1813 sqft,3.0,2,1.0, 2010 ,Islamabad,B-17,Good,1,House,yes,,yes,19300000
142,916 Sq. Ft.,4,4,3,2011,Karachi,PECHS,good,1.0,Villa,no,yes,Yes,24300000.0
854,2847,6.0,6, 2 ,"2,011",Lahore,DHA PHASE 8,GOOD,2.0,House,,yes,,53900000
711,1057 sq ft,5.0,4, 1 , 1989 ,Faisalabad,Jinnah Colony,GOOD,,Villa,,,,7700000.0
798,4749 sqft,3.0,2,3,"1,988",Rawalpindi,Adiala Road,GOOD,2,House,Yes,yes,Yes,23100000
712, 1162 ,5.0,5,2, 1995 ,Faisalabad,Satiana Road,Fair ,4,House,Yes,No,,8400000.0
392,2660 sq ft, 3 ,3,2.0,2017,,DHA PHASE 8,Fair, 0 ,House,YES,,No,35300000
981,2739,4,4, 1 ,,Rawalpindi,DHA Phase 2,New, 2 ,House,No,No,yes, 21600000 
172,5682.0,5,4,3,"2,002",Lahore,Wapda Town ,Fair , 0 ,House,,yes,Yes,48900000.0
901,754, 5 , 5 ,2,"1,985",Karachi, DHA Phase 5,Needs Renovation,1,House,YES,,,"9,900,000"
295,1877.0,4,5.0, 4 ,1991,Lahore, Raiwind Road,Fair , 2 ,House,yes,Yes,,"14,500,000"
131,8354.0,5.0,6,1,2009.0,Lahore, Model Town,excellent,2,House,no,no,Yes,"170,000,000"
426,6847 sqft,, 7 , 4 ,2017,Islamabad,Gulberg Greens,Good,2.0,House,,No,No,83800000
490, 790 , 5 ,5,2, 1989 ,Lahore,WAPDA TOWN,Fair,1,House,,No,Yes, 9900000 
234,8861,4, 4 ,1, 1988 ,Lahore,bahria town,Good,1.0,House,No,no,,78100000
495,2553 Sq. Ft., 4 ,3,1,1987.0,Rawalpindi,DHA Phase 2,Good, 1 ,House,no,No,Yes,"21,000,000"
363, 9003 ,,5,1, 1989 ,Lahore,RAIWIND ROAD,Fair, 1 ,Villa,No,Yes,, 42000000 
716,2179 sq ft,4,4,2, 1992 ,Rawalpindi,adiala road,Good, 1 ,House,no,,,13800000.0
430,9228 sq ft,6.0,5,2,1989.0,Karachi,DHA Phase 7,excellent, 1 ,House,No,No,yes,148300000.0
68,4793,5.0,5.0,1,"2,003",Karachi,gulistan-e-johar,Good,1,Villa,,yes,,49200000.0
616,50, 5 ,6.0,3,1987.0,Karachi,gulshan-e-iqbal,excellent,0,Villa,Yes,no,,5000000000
10,"1,100",6,6.0,2,N/A,Rawalpindi,adiala road,Needs Renovation,0,House,yes,No,,"5,600,000"
294,1447 sq ft,5,4.0, 2 ,1991,Karachi, Scheme 33,excellent, 1 ,House,YES,No,,18000000.0
582,1531 sqft,6.0,6, 2 ,2021,Islamabad,B-17 ,Fair, 1 ,House,,,No, 18300000 
290, 2381 ,4,5, 2 ,"2,021",Lahore,MODEL TOWN,Excellent,2,House,,no,yes,57100000
739,"6,374",6,7.0,,2013,Faisalabad,Gulberg Colony,Fair ,3.0,House,,,yes, 29400000 
32,4692.0,3, 4 , 1 ,,Rawalpindi,Chaklala ,good,1,House,no,Yes,No,36100000.0
642,N/A,2,3, 2 ,"1,993",Lahore,STATE LIFE HOUSING SOCIETY,GOOD,2,House,yes,,,57400000
52,5742 Sq. Ft.,6.0,6,3,1993,Karachi,PECHS ,New,0,Villa,,yes,,74000000.0
429, 1430 , 3 ,3,3,2001.0,Karachi,MALIR,Poor, 0 ,House,YES,yes,No, 11800000 
885,1812 sqft, 4 ,3,2, 1991 ,Lahore,Raiwind Road ,excellent,2.0,Villa,no,,no,15900000.0
596,5684 sq ft,4,4.0, 1 ,"2,023",Faisalabad,Wapda City,Good,0,Villa,no,Yes,No,"39,500,000"
483, 9263 , 3 , 4 ,1, 1997 ,Rawalpindi, Saddar,Poor,2,House,,yes,no,17300000.0
301,6785.0,6,6,1,2023.0,Lahore, Faisal Town,Needs Renovation, 3 ,House,Yes,Yes,Yes, 52200000 
129,9388,3,2.0,1,"1,990",Karachi,DHA Phase 8,Good,2.0,Villa,No,Yes,,161000000.0
304, 2778 ,6.0,7,N/A,"2,023",Karachi, Gulistan-e-Johar,good,,House,yes,No,yes,49100000.0
657,"5,172", 6 , 6 ,2.0, 2014 ,Islamabad,B-17,good,2,House,,,yes,49300000.0
20,923, 4 ,4,3,1996.0,Karachi, DHA Phase 5,Excellent,1,House,No,no,yes,22200000
663,4833 sqft,3.0,3.0,2.0,"2,010",Lahore, Model Town,Fair,3,House,YES,,No, 79900000 
547,1175 sq ft, 2 ,2,2.0,"2,019",Islamabad,E-7,Poor,0.0,House,YES,No,,N/A
951,4219 sq ft, 4 ,3,2.0,"2,023",Faisalabad,Satiana Road,excellent,1,House,,,,20100000
277,1140,1, 2 , 3 ,2022,Islamabad,Gulberg Greens,excellent,2,House,Yes,no,No,18800000
232,792.0, 2 ,3, 1 ,2003.0,Lahore,CANTT,GOOD, 2 ,House,,no,No, 19400000 
826,1863 Sq. Ft.,5,6,2.0,2022.0,Lahore,Johar Town,Poor,2,House,yes,Yes,,"15,600,000"
782,5297 sqft,5,5,2,1995.0,Karachi,DHA Phase 5 ,good,2,House,Yes,No,,94100000.0
49,961 sq ft,4,4.0,1, 2013 ,Islamabad,G-11,GOOD,2,House,yes,yes,yes,"19,000,000"
586,1348 sq ft,4,4, 2 ,2002,Lahore,DHA PHASE 7,Fair ,2,Villa,yes,yes,,22000000
938,1937 sq ft,, 5 ,2,2013.0,Lahore,ASKARI 10,Good,1,Villa,,yes,no,"38,600,000"
629,3638 sq ft, 5 ,4,1, 1997 ,Islamabad,BAHRIA TOWN,Excellent,1,Villa,No,Yes,yes, 39500000 
161,5697 sq ft, 2 , 2 ,2,2019.0,Lahore, DHA Phase 5,Fair, 4 ,House,yes,yes,,85600000
855,854,5,4,3,"1,995",Faisalabad,Gulberg Colony ,Excellent,1.0,Villa,,no,Yes,8600000.0
45,5752 Sq. Ft.,3,,1,1992.0,Islamabad, B-17,New,2,Villa,YES,,yes, 43200000 
664,"1,512",1, 1 ,3, 1999 ,Lahore,Wapda Town,excellent,1,House,no,no,Yes,"15,000,000"
693,1723 Sq. Ft.,5,5,1,"2,010",Lahore,raiwind road,Poor,3,House,yes,,Yes, 14100000 
988,1100.0, 5 ,6, 2 ,2010,Islamabad,g-10,GOOD,1,Villa,,Yes,Yes, 18400000 
531, 1906 , 3 ,3.0,N/A,2018,Faisalabad,Madina Town ,Needs Renovation, 2 ,House,no,,Yes,"12,100,000"
916, 5092 ,2, 1 ,1,"2,023",Islamabad,B-17 ,Poor,1,Villa,,yes,yes,34100000
229,611,4,4.0,2, 1993 ,Lahore,DHA Phase 7,GOOD,3,House,No,,yes, 11400000 
315,5278,2.0,2,1,"1,995",Lahore,faisal town,good, 1 ,House,,no,,"36,400,000"
872,"3,634",4.0,,1,2006.0,Lahore,FAISAL TOWN,good,2.0,House,,no,Yes,"35,800,000"
729,1058,4,5,1.0,2021.0,Karachi,DHA Phase 6 ,Fair, 0 ,House,Yes,Yes,no,35200000
771,837,4, 4 ,2,1997,Lahore,Cantt ,Fair ,2.0,House,No,yes,no, 12300000 
416,1717, 2 , 2 ,2,2006,Lahore, Johar Town,good,2,Villa,No,yes,yes, 20100000 
926,0,4,4,2,1992,Rawalpindi,BAHRIA TOWN,Poor,2,House,no,Yes,no,100000
346,"1,922",2,2,1,"2,005",Karachi, Bahria Town Karachi,Excellent,1,Villa,No,no,yes,"21,500,000"
113,3666 Sq. Ft.,5.0,5,1,2005,Faisalabad,MADINA TOWN,Fair, 2 ,House,,,, 21400000 
488,1153 sqft,3,2,N/A,1997,Lahore,Raiwind Road,Fair ,2,House,No,no,no, 9400000 
371,6642 Sq. Ft.,4,3,1,"2,015",Lahore,Wapda Town ,Fair,2.0,House,,,,46900000
386,5742,2,3.0,3,"1,994",Karachi,SCHEME 33,Excellent,1.0,House,yes,no,, 36400000 
888, 6654 , 5 ,4,2.0,"2,021",Lahore,wapda town,GOOD, 0 ,House,,no,No, 87100000 
619, 642 , 5 ,6,1,1996,Lahore, DHA Phase 5,Good,1.0,House,No,no,no,12600000
169,1096 sq ft,2.0, 2 ,1.0, 2020 ,Lahore,WAPDA TOWN,excellent,2,Villa,,No,Yes,19000000.0
508,3647 sq ft,3,3.0,3.0,"2,015",Lahore,GARDEN TOWN,Fair ,1.0,House,no,yes,Yes,"39,200,000"
532,2848.0,3,2,3.0, 2022 ,Karachi, North Nazimabad,New,N/A,House,YES,No,Yes,57800000.0
474, 9115 , 2 ,,1,"2,024",Lahore,DHA Phase 7 ,good,0,House,yes,,No,186300000.0
919,3869 Sq. Ft.,2.0, 2 , 2 , 2018 ,Rawalpindi,BAHRIA TOWN,excellent,0,House,,,Yes, 39200000 
638,"6,613",3,3.0,1,"1,994",Karachi, Gulshan-e-Iqbal,good,2,Villa,,yes,,53000000.0
312, 6386 , 5 ,6,1, 2013 ,Karachi,DHA Phase 6 ,excellent,0,House,Yes,Yes,no,153100000
881,,5.0,6.0,1,"1,992",Islamabad,E-7,Good, 4 ,House,Yes,Yes,, 34100000 
351,584 sq ft,4, 3 ,2,"1,986",Karachi,DHA PHASE 7,Fair,4,House,No,No,,13200000
905,1714,4.0, 5 ,3,2018.0,Islamabad,B-17 ,excellent, 1 ,House,,,no,22000000.0
645,3530.0,3,3.0,1,"2,007",Rawalpindi, Satellite Town,Excellent,0,House,no,yes,yes,31200000
203, 2096 ,4,3.0,1.0,1990,Rawalpindi,askari,Fair, 2 ,House,,no,no,15300000.0
314,1505 sq ft,4.0,3,1,"1,987",Islamabad, G-11,Fair ,3,House,,,no,"19,200,000"
651,1255, 5 ,4,1,"2,025",Lahore,dha phase 5,Poor,4,House,,,No, 23500000 
196,1492 Sq. Ft., 3 ,3,2, 1993 ,Islamabad,B-17,Fair ,0,House,yes,,, 12400000 
305,7031.0,4, 5 ,2, 1997 ,Rawalpindi,SADDAR,Excellent,4,House,Yes,,yes,33800000.0
265,833,2.0, 3 , 3 , 2015 ,Karachi,Gulistan-e-Johar ,Poor,1,House,,,no, 11200000 
770,1527 sqft,4.0,3,2.0,"2,011",Lahore,FAISAL TOWN,good,1.0,Villa,Yes,No,no,22300000
904, 3384 ,3,3.0,1.0,"2,006",Karachi,GULSHAN-E-IQBAL,Good,1.0,Villa,YES,,, 36000000 
176,1447 Sq. Ft.,3,3,1.0, 2010 ,Lahore,wapda town,GOOD,2,House,No,no,yes, 14800000 
492,936 Sq. Ft., 4 ,4,2.0,1995.0,Islamabad,G-11 ,good, 1 ,House,,,,16400000.0
473,1290 sq ft,5.0,5,1,"2,010",Rawalpindi, Adiala Road,good,3.0,Villa,,no,no, 14500000 
809, 933 , 5 , 6 ,2, 2004 ,Karachi,dha phase 6,good,2,Villa,yes,no,Yes, 32200000 
726,"3,248",5,5,1.0, 1994 ,Rawalpindi,Askari ,Good, 2 ,House,No,yes,No, 23900000 
445,1310.0, 6 , 5 , 2 ,2023,Lahore,State Life Housing Society,Fair , 1 ,House,Yes,yes,No,21300000.0
662,720,1,1,2,"1,996",Karachi,dha phase 5,Fair,0,House,yes,no,,"10,300,000"
947,2860 sq ft,4.0, 3 , 1 ,"2,004",Faisalabad, Satiana Road,GOOD,1,House,YES,,,"14,200,000"
778,712, 6 ,, 2 ,1995,Islamabad, Bahria Town,Needs Renovation,2,House,,,yes, 9100000 
242, 1929 ,6.0,7,2.0,2022,Lahore, DHA Phase 7,Excellent,1,House,,Yes,yes,50000000
461,1928 sq ft, 3 ,3,3,1986.0,Islamabad, F-8,GOOD, 2 ,House,Yes,Yes,no, 43400000 
746,1529 Sq. Ft.,5.0,4, 2 ,"2,020",N/A,BAHRIA TOWN,excellent,2,Villa,,,Yes,24100000
